cell_id,batch,cell_index,cycle_life,charging_policy,summary_cycles,QD_bad_rows,tail_median_QD,eol_near,curve_valid,logvar_deltaQ,min_deltaQ,mean_deltaQ,C1,SOC_switch,C2,slope_QD,current_mean_C,current_rms_C,current_cv,high_current_charge_fraction,fast_charge_duration_min,current_cycle_n,current_unit_ratio_A_per_C,charge_integral_ratio,QD_cycle2,mean_IR,delta_IR,mean_Tavg,mean_Tmax,mean_chargetime
b1c0,1,0,1190.0,3.6C(80%)-3.6C,1189,2,1.0264986,False,True,-5.0144265311867695,-0.008459642934268818,-0.0028734152246919164,3.6,80.0,3.6,1.691964207901468e-05,3.598051139780656,3.598770800664149,0.020001453944581297,0.0,13.342660381488157,99,1.100541242742346,0.9999740345089169,1.0706892,0.01664332204040404,3.6843988888885654e-05,31.603747328822767,35.376748303030304,13.384230505050484
b1c1,1,1,1179.0,3.6C(80%)-3.6C,1178,1,1.0386999,False,True,-5.013525105388837,-0.011003816596621974,-0.004099614621345189,3.6,80.0,3.6,5.535292516999699e-06,3.5980478906586773,3.5987723973027452,0.02006853192110758,0.0,13.34065646395859,99,1.1001780164876565,1.00000688148252,1.0753012,0.016921770387755098,6.017581111111142e-05,31.33031430692745,34.16065478787879,13.374696464646446
b1c2,1,2,1177.0,3.6C(80%)-3.6C,1176,1,1.0435855,False,True,-4.736565230206518,-0.017216391849644463,-0.004486734282886989,3.6,80.0,3.6,1.0295625231906745e-05,3.59805566549567,3.5987757712030635,0.02000760531298643,0.0,13.34058929077446,99,1.1001783194204997,1.000002916321677,1.0799223,0.016768978602040817,9.529823333333243e-05,31.47958411321121,34.54464383838384,13.378886329966337
b1c3,1,3,1226.0,4C(80%)-4C,1225,1,0.97135609,False,True,-4.442178847502994,-0.018960539773269502,-0.007455784700018413,4.0,80.0,4.0,1.7136347557209165e-05,3.9975911668279642,3.9984844746580115,0.021141344959337872,0.0,12.007304498874818,99,1.1002159131602176,1.0000057199345456,1.0797229,0.016310912734693876,0.00010628001111110882,29.942198807956427,30.662263141414144,12.053277171717166
b1c4,1,4,1227.0,4C(80%)-4C,1226,1,1.0218652,False,True,-4.647309148533841,-0.013957995093677344,-0.0057500081219601816,4.0,80.0,4.0,1.8994317872609844e-05,3.9975855038947192,3.9984848924041843,0.021208506507820277,0.0,12.007341255026075,99,1.1001754106992714,1.0000078600318274,1.0784167,0.016668886163265305,3.838368888888638e-05,31.44888383416564,34.38251588888889,12.053313636363642
b1c5,1,5,1074.0,4.4C(80%)-4.4C,1073,1,0.88211918,True,True,-4.178443451530505,-0.025178778949337288,-0.01107391297973859,4.4,80.0,4.4,1.1228400742114224e-05,4.39709326504622,4.398172616266832,0.022158176560758983,0.0,10.916355042491789,98,1.1001471712402209,1.0000044868578284,1.0761266,0.016270388575757577,1.3978444444451288e-06,30.92149771366389,33.02000678787879,10.955934948979651
b1c6,1,6,636.0,4.8C(80%)-4.8C,635,1,0.88318712,True,True,-3.768443388453706,-0.03788603931347978,-0.015965056248274826,4.8,80.0,4.8,-4.808646876938924e-06,4.79648077866593,4.797789312252509,0.023354025527393008,0.9995232900663511,10.00742499437778,99,1.1001682024924244,1.00000797777975,1.0758358,0.01667571006122449,-0.00017309960000000055,32.27384521945563,35.79263145454546,10.04485760942758
b1c7,1,7,870.0,4.8C(80%)-4.8C,869,1,0.88331425,True,True,-3.813051565552969,-0.03823338650707442,-0.01664572724561974,4.8,80.0,4.8,-6.42818800247794e-06,4.796496116113697,4.797799016649759,0.023306356102746364,0.999528426842303,10.007098362356842,99,1.100922293274148,0.9999811434971985,1.0938644,0.016213918408163264,5.727797777777682e-05,31.990084509217034,35.32269474747474,10.044094528619514
b1c8,1,8,879.0,5.4C(40%)-3.6C,878,1,0.97036517,False,True,-4.000760096997117,-0.030807702259195047,-0.0128189672320228,5.4,40.0,3.6,5.429254174400251e-06,4.313557363885167,4.4046577257517585,0.2066037440004532,0.49977846046349905,11.123636899654473,99,1.1001431669490698,0.9996310428947554,1.0899748,0.016711705707070708,8.585138888888427e-05,32.076506270161325,34.45206194949494,11.24361163299663
b1c9,1,9,1054.0,5.4C(40%)-3.6C,1053,1,0.88301873,True,True,-4.058949165995527,-0.028724475696229934,-0.011510600568480111,5.4,40.0,3.6,1.8204385899806905e-05,4.31339366766201,4.40453810208729,0.20665818931656935,0.4998021171426194,11.12359497125389,99,1.1001348171236922,0.9995837476841951,1.0829742,0.01683536523232323,2.9711155555556257e-05,32.64153361126789,35.98493365656566,11.241857609427619
b1c10,1,10,906.0,5.4C(50%)-3C,905,1,0.96233863,False,True,-4.022138634713042,-0.026992931922526497,-0.010668007843734223,5.4,50.0,3.0,2.529188002473426e-05,4.148741643993606,4.320157689915244,0.2904175304489667,0.6247442403386743,11.567185451854586,99,1.100138545802454,0.9997714607191103,1.0752757,0.01656396842857143,0.0001547545555555599,33.208150668462316,36.87145022222223,11.688040235690274
b1c11,1,11,788.0,5.4C(50%)-3C,787,1,0.88279974,True,True,-4.146462018728171,-0.023691513033622602,-0.008378205102529984,5.4,50.0,3.0,2.1809402597400947e-05,4.148890337949652,4.320172680502744,0.2902966480417112,0.6247088074290894,11.567502754855633,99,1.1001504959357478,0.9998370135955921,1.0537786,0.016200727826530613,-0.0001680421666666633,32.75932260623101,36.23175358585859,11.684114427609464
b1c12,1,12,902.0,5.4C(50%)-3.6C,901,1,0.91504902,False,True,-4.124756137214855,-0.027438869587688153,-0.011237958333707347,5.4,50.0,3.6,1.2573115646260144e-05,4.540709984238999,4.630919214752599,0.20032029670231213,0.6247814285548197,10.568051569677234,99,1.1001507450463746,0.9997151252041879,1.077566,0.01643905623232323,5.6705566666669094e-05,33.4580219141428,37.448847525252525,10.68385405723906
b1c13,1,13,897.0,5.4C(50%)-3.6C,896,1,0.92505032,False,True,-4.047571945868677,-0.029137075239816568,-0.013148734381658471,5.4,50.0,3.6,4.458676561536227e-06,4.540394053672036,4.630686460089652,0.20042056784975895,0.6248292159766295,10.56791791797634,99,1.1001705763079488,0.9996375062610804,1.0797893,0.01703655094949495,6.528114444443942e-05,32.09216634315908,34.67959250505051,10.685353013468022
b1c14,1,14,880.0,5.4C(60%)-3C,879,1,0.88180178,True,True,-4.045635328216262,-0.0282939556930506,-0.011946218223467892,5.4,60.0,3.0,2.6234124922698223e-05,4.4939436943265445,4.643771879184226,0.26036819318629584,0.7497762064305952,10.678576306113888,98,1.1001737896669208,0.9997673834137095,1.0709661,0.016975001838383838,1.6750899999997543e-05,33.07746279993842,36.63094507070707,10.794674115646261
b1c15,1,15,719.0,5.4C(60%)-3C,718,1,0.88477296,True,True,-4.017514591393589,-0.02894455469678503,-0.011013089313180444,5.4,60.0,3.0,2.904936054421284e-05,4.493962610012567,4.64375369426286,0.2603348529653926,0.7497736759715873,10.678688003367482,98,1.1001834434908195,0.9997766250204966,1.0611236,0.016839986434343434,-4.571530000000226e-05,33.147720104395674,37.056188636363636,10.795610034013558
b1c16,1,16,862.0,5.4C(60%)-3.6C,861,1,0.88322765,True,True,-4.098979163669727,-0.027606674842371115,-0.012403806163792485,5.4,60.0,3.6,2.3160274582555584e-05,4.792827657668857,4.8698260203248545,0.17996875349277777,0.7498071084819177,10.012258823485219,99,1.100144363393896,0.9997320538166826,1.0811664,0.016697524142857145,9.26150444444454e-05,32.41716254671688,35.85141423232323,10.12547436026938
b1c17,1,17,857.0,5.4C(60%)-3.6C,856,1,0.88526237,False,True,-3.9697249393883856,-0.031067967108938555,-0.013343115757399524,5.4,60.0,3.6,1.7886231292523448e-05,4.792841516441827,4.86985631659857,0.17998785481311433,0.7498063951346068,10.012271792110381,99,1.100147298073532,0.9997325700083954,1.072052,0.016676227535353534,0.00010610258888888932,32.088753858534446,35.43276257575758,10.13811205387206
b1c18,1,18,691.0,5.4C(70%)-3C,690,2,0.88114411,True,True,-3.6496460333798235,-0.04413321540827286,-0.02070238680333876,5.4,70.0,3.0,-4.754075940036315e-05,4.902834114193159,4.99980814735684,0.19987382789698943,0.8745998020611394,9.790577125755435,99,1.1013033495593918,1.0000106102466229,1.0661705,0.018004754414141413,-0.0039732827000000005,31.831057275618022,35.415118353535355,9.925956313131316
b1c19,1,19,788.0,5.4C(70%)-3C,787,1,0.88285458,True,True,-3.6194723156628177,-0.04589269342650848,-0.020106274821769732,5.4,70.0,3.0,-1.0355845392700724e-05,4.902612765192101,4.999672490454901,0.19996759173458956,0.8746648006777167,9.790089629173504,99,1.100177831798741,0.9999382593311208,1.0851147,0.01632486908080808,5.4664155555557425e-05,33.044085397077396,36.83902758585858,9.930255336700304
b1c20,1,20,534.0,5.4C(80%)-5.4C,533,1,0.8835839,True,True,-3.3668028984718394,-0.06358042689660326,-0.03279598300714768,5.4,80.0,5.4,-0.00013977618181817777,5.3824445407507024,5.386111614400754,0.035747823273891415,0.9986352231932947,8.910624977799495,99,1.1002136624212562,0.9996826567036711,1.07263,0.015210366091836734,-0.00035923885555555826,32.15292201754506,34.92834715151515,9.027207626262616
b1c21,1,21,559.0,5.4C(80%)-5.4C,558,1,0.88354057,True,True,-3.34990353982557,-0.06472026276575493,-0.030657577112710634,5.4,80.0,5.4,-8.178444155844591e-05,5.3905241255922896,5.393181604987981,0.030295653962326054,0.9990892897299268,8.900952265102317,99,1.1002558780356275,0.9999674436371875,1.0824388,0.015090236234693875,-3.170046666666447e-05,33.13697371135653,36.94892544444444,8.987271380471347
b1c22,1,22,891.0,6C(30%)-3.6C,890,1,0.96527904,False,True,-3.9517341613687624,-0.032147144008991324,-0.014716371313208602,6.0,30.0,3.6,-6.75583426098541e-06,4.22925851973377,4.361335540689724,0.25186103409920896,0.374786685192196,11.345461186245164,99,1.1001771693512397,0.9996365111954556,1.0793039,0.0165919733030303,5.106291111111119e-05,32.84391283877385,36.64192422222223,11.46291215488218
b1c23,1,23,1014.0,6C(30%)-3.6C,1013,1,0.88271523,True,True,-4.040359131553872,-0.029953516931757296,-0.013340620512360239,6.0,30.0,3.6,-6.950910327772603e-06,4.229126695566691,4.361228658360677,0.2518891727783316,0.37479752929912,11.345439656247766,99,1.10016418799547,0.9996087824538898,1.0792934,0.016824002585858585,6.96940444444398e-05,31.99077454717494,34.8727843939394,11.458691784511789
b1c24,1,24,1017.0,6C(40%)-3C,1016,1,0.8824448,True,True,-3.9382280118825164,-0.03184213409789827,-0.013873507013282613,6.0,40.0,3.0,2.024258503403737e-06,3.995214929646079,4.239282757811761,0.3548409030798997,0.4997520311160816,12.012351871943073,99,1.1008623167651286,0.9998322520477435,1.0745355,0.016587448888888887,8.767882222222162e-05,33.378063951824195,36.866496545454545,12.128487205387225
b1c25,1,25,854.0,6C(40%)-3C,853,1,0.88227195,True,True,-4.027454308766241,-0.02944117289056547,-0.012406193052887388,6.0,40.0,3.0,5.12931354361571e-07,3.995297780506132,4.239366184854691,0.3548375455984969,0.4997607759430912,12.011622364001393,99,1.1001471195547767,0.999791035237951,1.0752345,0.0165961417979798,6.846172222222183e-05,33.848557073949294,37.990239878787875,12.137498080808081
b1c26,1,26,870.0,6C(40%)-3.6C,869,1,0.88326401,True,True,-3.7947854850113254,-0.03835445363245393,-0.01785015712562481,6.0,40.0,3.6,-1.521046134818085e-05,4.493717952006637,4.643242043052217,0.26010615645666474,0.49970470657205424,10.680293738824258,99,1.1009582645973723,0.9998033183308347,1.0876514,0.016285491838383837,9.338992222222148e-05,33.15641406115227,36.41381293939394,10.800664208754247
b1c27,1,27,842.0,6C(40%)-3.6C,841,1,0.88386416,True,True,-3.8532686882819216,-0.03583211964634625,-0.01551418714665611,6.0,40.0,3.6,-1.0758799010519626e-05,4.494024302100341,4.643522756720659,0.26007448356981383,0.4997567644406229,10.67868670308556,99,1.1001493318195357,0.9997932967786128,1.0790461,0.01609890666666667,0.0001154933888888876,33.89497000372245,37.51131004040404,10.803712340067367
b1c28,1,28,860.0,6C(50%)-3C,859,1,0.88156462,True,True,-3.844277295722182,-0.03721348031974192,-0.01669812275516272,6.0,50.0,3.0,-7.726680272115018e-06,4.358474097772457,4.60880119860474,0.3437555476339118,0.624734403375436,11.011563683180285,99,1.100156044174412,0.9998661836354932,1.0777475,0.01668003754545454,0.00013606315555556373,33.773800525042,37.491157878787874,11.138253585858592
b1c29,1,29,917.0,6C(50%)-3C,916,1,0.88220429,True,True,-3.837847193189059,-0.036868449881918286,-0.01660052342693117,6.0,50.0,3.0,-5.212719851575346e-06,4.358534525483076,4.608819115524616,0.34372309376550786,0.624718241728118,11.011700107730432,99,1.100153412111997,0.999892645884245,1.0794537,0.016545523626262625,0.00011743976666666114,32.70415601771739,35.39940990909091,11.151875336700314
b1c30,1,30,709.0,6C(50%)-3.6C,708,1,0.8831026,True,True,-3.7442647061242904,-0.04081538502439652,-0.01771912216680128,6.0,50.0,3.6,-1.6368218923929572e-05,4.7935424193723835,4.9434904404916935,0.25207344733963105,0.6247331472578685,10.012122003002672,99,1.100147009325556,0.9998722445176468,1.0798637,0.01600942625252525,0.00012770548888888997,33.54008830692456,36.797617333333335,10.124524292929316
b1c31,1,31,876.0,6C(50%)-3.6C,875,1,0.88354266,True,True,-3.7772981123140252,-0.03947820648424727,-0.017983588803246863,6.0,50.0,3.6,-2.62010822510796e-05,4.79287410238662,4.943024738980346,0.2522641804491141,0.6248226300617172,10.012052591441888,99,1.1001432072048356,0.9997148001298298,1.0946392,0.016865566141414143,8.446951111111198e-05,30.375396745150564,30.709141161616163,10.126957558922545
b1c32,1,32,731.0,6C(60%)-3C,730,1,0.8819775,True,True,-3.646028985296344,-0.04556628526257467,-0.020730273837007356,6.0,60.0,3.0,-1.2776272108848686e-05,4.792700579044487,5.015394395170314,0.30836559153251847,0.7499175211838228,10.011646217081466,99,1.1001767857273312,0.9994696863663693,1.0778366,0.016167064252525253,0.00012746362222221946,33.08050304573434,36.23561784848484,10.129902676767715
b1c33,1,33,757.0,6C(60%)-3C,756,1,0.88161159,True,True,-3.6666230858126236,-0.044901781211682756,-0.021651569301358073,6.0,60.0,3.0,-2.1812165739027016e-05,4.7939805919890475,5.016110108719713,0.30792387102850555,0.7497197811544485,10.011660694403282,99,1.1001882106443155,0.9999210515227586,1.0924908,0.016483775656565655,6.842016666667311e-05,33.67169761442224,37.731304424242424,10.129993047138067
b1c34,1,34,742.0,7C(30%)-3.6C,741,1,0.88537508,False,True,-3.848181645234819,-0.037218141748807665,-0.016080359430316875,7.0,30.0,3.6,-3.129647495333547e-07,4.39597606094664,4.628134314209349,0.32925997609384594,0.37481174992230115,10.916404317955074,99,1.1002018972323953,0.9997525760880734,1.0766174,0.01685519708080808,6.26890444444389e-05,32.66455167507311,36.08252629292929,11.035507962962974
b1c35,1,35,703.0,7C(30%)-3.6C,702,1,0.88277978,True,True,-3.7721713038220117,-0.039152034335048436,-0.018223341654084003,7.0,30.0,3.6,3.195320964752807e-06,4.39565116016145,4.6278678929086965,0.32931499356081717,0.37482719100860035,10.916511995173408,99,1.1001467077781988,0.9996872471571132,1.0707464,0.016967092292929295,0.00011994537777777758,32.09733437854189,34.87752171717172,11.036444074074083
b1c36,1,36,704.0,7C(40%)-3C,703,1,0.88461167,True,True,-3.6690668308219268,-0.044621405961221994,-0.02104235085802675,7.0,40.0,3.0,-7.183043908475764e-06,4.193634955928343,4.57812782306408,0.4379221955284558,0.49997348728853286,11.43991656593626,99,1.100139988384429,0.9994578621185698,1.0778315,0.016437746262626264,0.00016127461111110908,32.04688205693082,33.970878757575754,11.554803670033683
b1c37,1,37,648.0,7C(40%)-3C,647,1,0.88594258,False,True,-3.673504381540903,-0.044544784957630146,-0.019436824634916586,7.0,40.0,3.0,-9.680958565245865e-06,4.194054398388102,4.578398641507642,0.43781097681824327,0.499922249529695,11.439804826658206,99,1.1001479361443753,0.9994470934265259,1.0748194,0.01654642202020202,0.00013176036666666738,32.95969887229894,36.05156987878787,11.561455202020227
b1c38,1,38,617.0,7C(40%)-3.6C,616,1,0.88268411,True,True,-3.432613661772658,-0.05641559694699583,-0.026764193834967427,7.0,40.0,3.6,-9.43712430427038e-06,4.747714362444943,5.0151137797471605,0.34031682871775254,0.49984130855616177,10.107985668898054,99,1.1011401496819986,0.9997785263210396,1.0729513,0.01621205696969697,0.00017403296666666096,33.69474656343401,37.29856363636363,10.23158840067342
b1c39,1,39,625.0,7C(40%)-3.6C,624,1,0.88267356,True,True,-3.5040992086790537,-0.053143954091811496,-0.024440041487006035,7.0,40.0,3.6,-3.294477427340171e-06,4.748644835645015,5.015773030747187,0.34010526113345846,0.49978006546999587,10.106882332513967,99,1.1002177636753645,0.9998847670004105,1.0817773,0.016691104555555555,0.00017474676666666064,33.50643317156701,37.403860242424244,10.242025976430945
b1c40,1,40,966.0,8C(15%)-3.6C,965,1,0.88241506,True,True,-4.054778193380718,-0.02909570881628587,-0.012628807847703542,8.0,15.0,3.6,-8.20486332715938e-06,4.0089678295137805,4.21037164722828,0.32093694551258944,0.1873223675140611,11.968910590363787,99,1.1001591410595108,0.9997027760924502,1.0833029,0.01667927321212121,0.0001351716555555542,33.45968416375564,37.756139949494944,12.087224326599337
b1c41,1,41,1051.0,8C(15%)-3.6C,1050,1,0.88390982,True,True,-4.071079457405483,-0.02850629135902205,-0.012358568562846162,8.0,15.0,3.6,-1.3855287570256206e-07,4.008904468843029,4.210356350086567,0.320978789374553,0.18730892951613906,11.969624753502984,99,1.1001556591354793,0.9996842179598181,1.0789614,0.016744890505050507,8.532017777777845e-05,33.07332253245542,36.8232453030303,12.091290892255918
b1c42,1,42,702.0,8C(25%)-3.6C,701,1,0.88216305,True,True,-3.665421273494984,-0.04470964572873015,-0.020599210252813274,8.0,25.0,3.6,2.113598021033933e-06,4.3420398687588255,4.646507954341524,0.38099725435119175,0.31229665060563416,11.05306968108626,99,1.1001979892040128,0.9998724010721143,1.0798725,0.01671562283838384,0.00019204828888888525,33.58506724391689,37.673212,11.178124326599383
b1c43,1,43,651.0,8C(25%)-3.6C,650,1,0.88287592,True,True,-3.6673445598607963,-0.044605890152637384,-0.019165626778476195,8.0,25.0,3.6,-2.401481014224145e-05,4.341356616927812,4.646132851663649,0.38122755103001654,0.31235940494787745,11.052781670073813,99,1.1001985045898186,0.9995230405722833,1.0682389,0.016104855565656565,0.00019244267777777935,33.339782658681436,36.82060524242424,11.17782324915825
b1c44,1,44,616.0,8C(35%)-3.6C,615,1,0.88282144,True,True,-3.4202654930324226,-0.05879707165403769,-0.029329092901317064,8.0,35.0,3.6,-3.3615460729745583e-05,4.734802647584395,5.113467945493829,0.4078550597540611,0.4373148823246302,10.136373248100929,99,1.100225220516438,0.9998915805006777,1.0847682,0.01741384996969697,0.00020943175555555166,32.55333216968653,35.79095866666667,10.258049427609434
b1c45,1,45,599.0,8C(35%)-3.6C,598,1,0.88317311,True,True,-3.424857723924836,-0.059403509916114317,-0.028866090521135743,8.0,35.0,3.6,-1.2920053184917479e-05,4.733256177075428,5.1124325699396955,0.4082100398815636,0.4374453240203,10.136418699110534,99,1.1002168902686422,0.9995217237239302,1.0839558,0.016674251585858585,0.0002283281555555544,33.0005473910965,36.69642807070708,10.257274326599303
b2c0,2,0,477.0,5.2C(58%)-4C,496,0,0.83334714,True,True,-3.486830284527127,-0.055061277717081025,-0.025801000173386008,5.2,58.0,4.0,1.3737568336431474e-05,4.796696880548885,4.831350695203972,0.12042035447906226,0.722489713126887,10.005245282368088,99,1.1003521902164646,0.9998115880189676,1.1020051,0.017335808494949492,7.471908888889017e-05,31.808470926230026,35.36620380400637,10.17325806397317
b2c1,2,1,491.0,5.6C(26%)-4.5C,513,0,0.83282876,True,True,-3.297616853702019,-0.0661147205894651,-0.035595007639683186,5.6,26.0,4.5,-3.290422139764397e-05,4.7965813146760565,4.822771887978626,0.10464327612504143,0.9808004924726281,10.005813541529628,99,1.1003512853143596,0.9998848348991431,1.1057826,0.01755231991919192,-0.00048054395555555476,33.60099815475848,36.451634705216804,10.198514225589118
b2c2,2,2,424.0,5.2C(50%)-4.25C,439,0,0.83253539,True,True,-3.4598138533388,-0.052717818544041395,-0.025013386420214043,5.2,50.0,4.25,-5.396060358691645e-06,4.795793753453569,4.820057389525832,0.10071807924672753,0.6270203700597505,10.007033876725984,99,1.1002951198117976,0.999789376085369,1.0753863,0.01646109804040404,-5.3404633333337115e-05,33.17566129490617,37.429077970616994,10.17503702020208
b2c3,2,3,499.0,4.65C(44%)-5C,517,0,0.83514154,True,True,-3.4958084852006754,-0.05586845261151374,-0.0200898829186987,4.65,44.0,5.0,7.592857884971752e-05,4.797336666787016,4.801719557981386,0.04274930722004981,0.999114750926198,10.005169300240379,99,1.1002783730946635,0.9999533132580968,1.0959566,0.01591516953535354,0.00011781420000000001,33.93805810095692,38.772733971659186,10.173178956229002
b2c4,2,4,444.0,4.65C(69%)-6C,464,0,0.8305884,True,True,-3.232072300452541,-0.07029720690084085,-0.03478179648488909,4.65,69.0,6.0,-6.742782807669012e-05,4.7688234327054415,4.782805600156933,0.07656054143467485,0.9991970271077202,10.065605244238531,99,1.1005441775763982,1.0000171976510728,1.0899745,0.016186317888888888,-0.0005694166777777815,33.04820861652687,37.435182660123296,10.231960420875373
b2c5,2,5,416.0,3.6C(30%)-6C,445,0,0.8263551,True,True,-3.0854472125051675,-0.08615002847927744,-0.04648540460048997,3.6,30.0,6.0,-0.00019484917996289103,4.785456988535679,4.931586210589906,0.24900151988433747,0.6246286620126081,10.030702960030949,99,1.1003422223927088,1.000028663134214,1.0989141,0.015297588929292928,-0.0004654875777777758,33.01307013030371,37.65087846482749,10.198699713804725
b2c6,2,6,393.0,3.6C(9%)-5C,409,0,0.83794844,True,True,-3.5296051747279322,-0.04987247893740465,-0.020824792460517043,3.6,9.0,5.0,6.24381335807018e-05,4.794484924341997,4.82087348695922,0.10506250837732652,0.892385836426903,10.011253696840496,99,1.1002768392546665,0.9999641474393701,1.0885617,0.016037468727272727,-0.000193168577777781,33.81904518975318,39.79713499833347,10.17931370370378
b2c7,2,7,777.0,4.8C(80%)-4.8C-newstructure,806,0,0.83149916,True,True,-4.231235578131387,-0.021737979924043582,-0.008823099834708447,4.8,80.0,4.8,5.346993939393214e-05,4.79945528513479,4.800039374038979,0.015597759031218381,0.9995933143748366,10.00076429617038,99,1.1008613986049047,0.9999706419497414,1.0904776,0.014790622575757575,-6.2085111111106345e-06,33.769687089746824,37.14950685044426,10.035777525252517
b2c8,2,8,904.0,5.2C(58%)-4C-newstructure,947,0,0.82913011,True,True,-4.101987968526722,-0.027841110945332148,-0.011203415580045945,5.2,58.0,4.0,-4.8129210760671786e-05,4.796593726144888,4.831310650183839,0.1205314369072469,0.7225067191627327,10.005159724886166,99,1.1003224299144831,0.9997653880296161,1.0906329,0.016466365090909093,5.57987777777616e-06,33.59868374090274,35.674109782051225,10.03986983164983
b2c9,2,9,791.0,5.6C(26%)-4.5C-newstructure,819,0,0.83250105,True,True,-4.343991170888546,-0.019754152325308416,-0.007446960333569007,5.6,26.0,4.5,-3.178960420532104e-05,4.796785101313184,4.822977717449212,0.10464512539279966,0.9914372840090292,10.005560166394531,99,1.1003738760060338,0.9998931031203542,1.0949715,0.015396235121212121,-1.9121155555554964e-05,32.3508526526095,33.58605048865401,10.039928501683493
b2c10,2,10,492.0,4.8C(80%)-4.8C,519,0,0.83042371,True,True,-3.450465601523543,-0.05580244986198335,-0.02952029629956943,4.8,80.0,4.8,5.4494455906002766e-05,4.798603599586818,4.799178616435346,0.01547697968439404,0.9995959729859317,10.002788889133518,99,1.1008956729397334,0.9999761455257102,1.1092782,0.01705791890909091,-9.523994444444323e-05,31.720791269063756,34.35574737651136,10.169499612794551
b2c11,2,11,449.0,5.2C(50%)-4.25C,468,0,0.83201712,True,True,-3.484958709205863,-0.05489875594719695,-0.024012633467613773,5.2,50.0,4.25,0.00011636928385899045,4.796495241445277,4.820783104010974,0.10076116289614631,0.6270043728697028,10.005879331763824,99,1.1002938668509596,0.9999273632235822,1.0959171,0.01721894155555555,0.00035830155555555826,33.146477466034135,37.95576609273272,10.173883215488235
b2c12,2,12,466.0,4.65C(44%)-5C,493,0,0.82764262,True,True,-3.167533856376959,-0.07733124344865683,-0.03939759227215439,4.65,44.0,5.0,3.124443661100505e-05,4.796462485379352,4.800934631120334,0.0431373106595339,0.9990681581275224,10.006849694757376,99,1.1003410582174356,0.9999781049312415,1.1016457,0.01652292034343434,-0.0004403771666666688,31.314676947956993,33.5953920153671,10.174858552188601
b2c13,2,13,460.0,4.65C(69%)-6C,483,0,0.83100778,True,True,-3.344013210109811,-0.06467448840609535,-0.03407002212261209,4.65,69.0,6.0,-1.1445944341368896e-05,4.77825190293183,4.793604149258347,0.0801926648357949,0.9991740002832729,10.046079926709078,99,1.1003454413619973,1.000041102778731,1.0954365,0.016067178222222225,-0.0006049385555555557,31.946988973926523,35.0716189725971,10.214119579124512
b2c14,2,14,426.0,3.6C(30%)-6C,461,0,0.82829893,True,True,-3.1180854544748184,-0.0837144352028476,-0.04455576451036339,3.6,30.0,6.0,-0.00010165705627706068,4.766194775102568,4.908070058308708,0.24579355619991644,0.6246351861940771,10.071232293532765,98,1.1002676320381455,1.0000179630303039,1.0844886,0.016259522828282826,-0.0005302999666666648,32.123877001585356,35.20046863818076,10.23842933673479
b2c15,2,15,396.0,3.6C(9%)-5C,414,0,0.83122098,True,True,-3.5158174150026964,-0.05093467639415561,-0.024135288352654265,3.6,9.0,5.0,9.20414260977118e-05,4.796455482094821,4.822813010566564,0.10497890276604892,0.8923973453527678,10.007544463732549,99,1.1002656887888755,1.0000142389842384,1.0697494,0.016303822929292926,-0.0006069465555555535,32.862747677246595,36.07268366663823,10.173053501683547
b2c16,2,16,472.0,4.8C(80%)-4.8C,499,0,0.83053106,True,True,-3.4944464801006045,-0.0532543676756424,-0.026244652410942607,4.8,80.0,4.8,-1.5038863327153774e-05,4.79827190075826,4.7988516032105775,0.01554132267643579,0.9995946773421418,10.00333345978258,99,1.1007305760522668,0.9999765670006013,1.0945363,0.01749052915151515,-0.00013300996666667023,32.7673986704417,36.992036254667184,10.171620942760958
b2c17,2,17,471.0,5.6C(26%)-4.5C,494,0,0.83037257,True,True,-3.4999096167000205,-0.05256239657553352,-0.024346340387446,5.6,26.0,4.5,3.904175881262204e-05,4.796799417972944,4.822966003172362,0.1045925704983286,0.991464591483821,10.005890744162533,99,1.1003157317224623,0.9999290217315459,1.0917177,0.017088656323232324,-0.0002365889555555542,32.988612809790894,34.74907966738554,10.181222777777869
b2c18,2,18,449.0,5.2C(50%)-4.25C,467,0,0.8332963,True,True,-3.7068682244022804,-0.03974566910430133,-0.016640891110932497,5.2,50.0,4.25,0.00011339298701298683,4.79640457632258,4.820640164018485,0.10065314523390634,0.627000222412398,10.00611616007423,99,1.1002930178662589,0.9999203421073651,1.0756292,0.016646742727272724,0.00011152535555555843,32.88627829858526,36.40182568496011,10.174147626262663
b2c19,2,19,392.0,6C(60%)-3C,411,0,0.83240563,True,True,-3.2915234927686763,-0.06565175087353758,-0.03430820779792185,6.0,60.0,3.0,2.1983457019166268e-05,4.796583285809115,5.017763653244214,0.30716508242801643,0.749734146345404,10.00661573241345,99,1.1002917757292008,0.9998998825580376,1.0902406,0.016718258151515154,0.00023682442222222252,32.770067410122046,36.54883267067881,10.173763619528666
b2c20,2,20,489.0,5.2C(58%)-4C,506,0,0.83594912,True,True,-3.440870919636383,-0.06050408803806073,-0.024435139451588442,5.2,58.0,4.0,2.8384829931970537e-05,4.797084464545179,4.831697637595974,0.12034466192436183,0.7224556473136795,10.004898147640235,98,1.1003855955462916,0.9999026792390971,1.0977259,0.016610858888888892,0.0002697577777777786,33.61911118506716,36.88625705741767,10.172928639455789
b2c21,2,21,408.0,6C(60%)-3C,426,0,0.83233672,True,True,-3.326244563425288,-0.06446758204398206,-0.03328855261100499,6.0,60.0,3.0,3.546821447123146e-05,4.79613671685289,5.017452112797173,0.30727551703068295,0.7497894849484587,10.006757654509245,99,1.1003780985044425,0.9998141263588475,1.0985936,0.017200276171717172,0.00021337985555555314,33.60118814118363,38.660766342322724,10.174732340067363
b2c22,2,22,,VarCharge-2C-100cycles,920,1,1.0556053,False,True,-4.640734188833994,-0.006779169322993939,-0.002618816303222525,,,,-1.418554898869989e-05,1.9999139133014925,2.0000003452360238,0.009294358099414073,0.0,24.000989742671845,98,1.1000419933414776,1.000001008923772,1.0913191,0.021770682,-3.469446951953614e-18,34.50224371401082,38.12900722940261,24.214001377550943
b2c23,2,23,,VarCharge-4C-100cycles,1152,2,0.97824305,False,True,-4.355819765383145,-0.01921756649136097,-0.011590160361131023,,,,-0.00011966291430611959,3.9989731017601047,3.9993655901120655,0.014007114060442303,0.0,12.003084310114557,98,1.100193740404293,1.000001759765829,1.0904602,0.021160888999999992,-3.469446951953614e-18,34.147927604894626,35.52762158388801,12.213424642857158
b2c24,2,24,514.0,4.8C(80%)-4.8C,536,0,0.83160603,True,True,-3.640450756301035,-0.04572997432532899,-0.02277147977476359,4.8,80.0,4.8,4.325509709338842e-05,4.799045943092646,4.799629639583794,0.015592082874750727,0.999591048729512,10.001658187195028,99,1.1008328192906498,0.9999717621636474,1.0923017,0.01651537671717172,-4.076283333333264e-05,33.206377241160645,38.17140352057085,10.16999885521886
b2c25,2,25,493.0,5.2C(58%)-4C,511,0,0.83591986,True,True,-3.5340434182477156,-0.05050846489030969,-0.023610982444417374,5.2,58.0,4.0,3.860060482374841e-05,4.79698674348528,4.831628247713982,0.12039532081525145,0.7224614511491643,10.004921518563052,99,1.100342528280785,0.9998504219361628,1.098838,0.01674041588888889,0.0001409753333333312,32.23848796399698,34.442510549892894,10.172931649831627
b2c26,2,26,450.0,5.6C(26%)-4.5C,476,0,0.82702196,True,True,-3.2216190960192623,-0.0733087791289827,-0.03803854165400029,5.6,26.0,4.5,-1.2231956709952081e-05,4.796373288020364,4.822558448432102,0.10463462113052423,0.9907683812815274,10.006455607466304,98,1.1003191595508444,0.9999264287726969,1.1043522,0.017700572575757578,-0.0005027522333333305,33.75843376995604,36.91322322353181,10.19580411564622
b2c27,2,27,474.0,5.2C(50%)-4.25C,493,0,0.83162057,True,True,-3.4857691211237922,-0.05449125756065937,-0.02468392780224258,5.2,50.0,4.25,8.322792949907285e-05,4.796275549437438,4.820516976634499,0.1006670985448413,0.6269858835458864,10.00659615543508,99,1.1002852688039773,0.9999223004345258,1.0925682,0.01758869122222222,0.00020591513333333492,33.30411096115286,38.09066395642736,10.17464639730628
b2c28,2,28,437.0,4.8C(80%)-4.8C,456,0,0.8343333,True,True,-3.4229766573491887,-0.05649138678277321,-0.027989332592662373,4.8,80.0,4.8,5.7402129870125894e-05,4.797380666159654,4.79795026549738,0.015406260046755828,0.9995977395926023,10.005399168863168,98,1.1003087283228412,0.9999974528290216,1.0904486,0.016274739303030306,-0.00033626043333333244,32.143914131113334,35.334859521378185,10.173453112244816
b2c29,2,29,452.0,5.2C(58%)-4C,470,0,0.82874656,True,True,-3.5078136673204168,-0.05263352953614442,-0.02532223237657199,5.2,58.0,4.0,0.00012008288806431068,4.797076122414591,4.831690820455709,0.12034758038773771,0.7224453221548959,10.005002952434177,99,1.1002657928702055,0.9999067423018434,1.1032062,0.016732251515151515,0.00018632538888888397,31.797490897448796,34.43823202248059,10.173048585858563
b2c30,2,30,412.0,5.6C(26%)-4.5C,429,0,0.83367395,True,True,-3.1849750475008567,-0.07552303651130998,-0.03965588948997046,5.6,26.0,4.5,-8.503881385281154e-05,4.796222877118681,4.822424007408257,0.10466838829962419,0.9904599569658715,10.006764373606185,98,1.1003768465120747,0.9999437220371872,1.0946374,0.016883249333333333,-0.0007523370555555554,33.81182141567536,37.34308786098118,10.201115306122439
b2c31,2,31,425.0,5.6C(26%)-4.5C,446,0,0.82979596,True,True,-3.3519243197132917,-0.06422883358208353,-0.030624456764042955,5.6,26.0,4.5,3.9791858998146125e-05,4.796205913313486,4.8223966973063295,0.10464773067388637,0.9911199532758131,10.006567424819684,99,1.1003520070377637,0.9999312214413918,1.0990092,0.016325805828282827,-0.0003156403111111081,33.3758501254003,35.656391701768925,10.194512441077386
b2c32,2,32,809.0,4.8C(80%)-4.8C-newstructure,834,0,0.83060628,True,True,-4.131031643392329,-0.02746120651303563,-0.013389939833647101,4.8,80.0,4.8,-5.5682572665427346e-05,4.796944847787199,4.797529981302238,0.015615559269284927,0.9995936158464553,10.006297860514351,98,1.1002954048947688,0.9999955579001398,1.0881557,0.014811171424242424,-7.028289999999951e-05,32.16894887045923,33.94637920302099,10.040991343537481
b2c33,2,33,1140.0,5.2C(58%)-4C-newstructure,1190,0,0.82761937,True,True,-4.2311938075637325,-0.024084742136216253,-0.011579541007786184,5.2,58.0,4.0,-0.00012531416326531098,4.79711763299523,4.831808914513891,0.1204806924656733,0.7225135141082424,10.004468343999388,99,1.100875623143803,0.9998734924427192,1.0732747,0.014990987444444446,-3.0117444444442698e-05,32.74157143407892,34.30263809635044,10.03956353535346
b2c34,2,34,1186.0,5.6C(26%)-4.5C-newstructure,1252,0,0.82763171,True,True,-4.448150661550735,-0.01914294964399932,-0.008120054579074075,5.6,26.0,4.5,-5.456295732837848e-05,4.796711208812555,4.822874887387334,0.1045879999448609,0.9731304583667365,10.005733110885048,98,1.1003922451732429,0.9999373757900154,1.0671737,0.01495288393939394,-1.60371888888889e-05,35.66789148456313,38.96110461672359,10.040434234693901
b2c35,2,35,,VarCharge-6C-100cycles,423,1,0.88346595,True,True,-3.2184744490870476,-0.07570840765806064,-0.044821244304517734,,,,-0.00043320567125706505,5.952806894578312,5.955506732403765,0.029196608816746347,0.9996763383883654,8.066851672400828,98,1.1010392141007803,1.0002927041187177,1.0689886,0.020666520999999993,0.0,36.507257940976096,38.37857902090733,8.094846428571415
b2c36,2,36,,VarCharge-8C-100cycles,280,1,0.8833425,True,True,-2.68448329757314,-0.1360257368450053,-0.08442876531435933,,,,-0.0007772913502851876,7.131804491799777,7.1997313235379155,0.13684720508490503,0.9981065031380685,6.737933113921088,98,1.1078572733511967,1.0003466858615084,1.0722352,0.02033557,0.0,38.56623803155033,41.3959147615797,6.762870340136079
b2c37,2,37,,3.6C(80%)-3.6C(SLOWCYCLE,101,2,1.0848744,False,True,-4.770176374855135,-0.028681743378075525,-0.0029820466170849703,3.6,80.0,3.6,3.235107460034247e-06,3.5991990730319134,3.5995107739927863,0.013156341773637241,0.0,13.33620313477955,98,1.100204949935841,0.9999961256564985,1.0834186,0.017241923626262628,0.0010812849666666687,32.93003403034187,38.01191656898937,13.50426811224504
b2c38,2,38,,4.8C(80%)-4.8C(SLOWCYCLE,101,2,1.0821536,False,True,-4.214915742585958,-0.03614952540357205,-0.013148209711945616,4.8,80.0,4.8,-5.234621578716625e-05,4.79912427443474,4.799692655252792,0.015384789421475637,0.9995920561723881,10.001739015106509,98,1.1003409137810416,0.9999948503773135,1.0843664,0.01658499318181818,0.0007601690999999994,36.41258964127956,400.0,10.168094234693923
b2c39,2,39,,3.6C(9%)-5C(SLOWCYCLE,434,1,0.88493532,True,True,-3.362148981503471,-0.06095179783518334,-0.03455301965015995,3.6,9.0,5.0,-7.018608151789626e-05,4.796238371154102,4.822624116848481,0.10503657570988108,0.8923793580592363,10.007887711037379,98,1.1003821578748103,1.000005255602007,1.072063,0.016808221434343434,0.0004810979111111134,32.886249589388996,37.62435433742629,10.173386530612175
b2c40,2,40,,5.2C(58%)-4C(SLOWCYCLE,459,1,0.88395143,True,True,-3.5991327645155344,-0.048163210220580344,-0.02547583082825176,5.2,58.0,4.0,-1.5967939865742926e-05,4.797111343438531,4.831677706838103,0.12026247788134643,0.7224392814505923,10.005047717117783,97,1.1003507607043057,0.9999060865719872,1.0839667,,,32.46931392128253,36.705870270590154,10.173126718213089
b2c41,2,41,442.0,5.6C(26%)-4.5C,463,0,0.83210248,True,True,-3.17193129840298,-0.08093104924483763,-0.037768291495701274,5.6,26.0,4.5,2.3998204081631683e-05,4.79655763649693,4.822731884335116,0.10461088296172293,0.9865566806828915,10.006164469439872,98,1.1003157567911286,0.9999150250882898,1.1049188,,,30.193787010451164,32.72284623520075,10.189121445578202
b2c42,2,42,474.0,5.2C(50%)-4.25C,497,0,0.83053553,True,True,-3.4821531362335185,-0.054167624970645756,-0.02934071492636848,5.2,50.0,4.25,8.583347433519058e-05,4.795899164261385,4.82012167697131,0.10063155190703495,0.6270075939322105,10.00708829061097,99,1.100333874805266,0.9998989537573877,1.1024443,,,31.709620029469267,35.574378964676875,10.175111565656564
b2c43,2,43,1029.0,4.8C(80%)-4.8C-newstructure,1061,0,0.83006835,True,True,-4.27134741684955,-0.019164842112240565,-0.00777834835139346,4.8,80.0,4.8,-7.295969944341106e-05,4.799000695944523,4.799580868725556,0.015546854454313998,0.9995936139051245,10.002005827466569,99,1.1003507225563531,0.9999942802830775,1.0974334,,,33.92914533704784,36.97438163334141,10.036751245791278
b2c44,2,44,841.0,5.2C(58%)-4C-newstructure,874,0,0.828767,True,True,-4.3640889685513224,-0.020302277620516618,-0.00875057261717091,5.2,58.0,4.0,-2.446207668521927e-05,4.796689243085052,4.831325927271274,0.12038894883374016,0.7224449181020007,10.005810740775683,98,1.1003136117158498,0.999910589444341,1.09659,,,33.95995836968299,36.8790253111546,10.040506156462564
b2c45,2,45,997.0,5.6C(26%)-4.5C-newstructure,1027,0,0.83153808,True,True,-4.174780437396987,-0.026670418787086536,-0.011157666285585534,5.6,26.0,4.5,-7.610656895484813e-05,4.7966666571614915,4.822825866138726,0.10457939001645708,0.9844551401716165,10.005806665466032,99,1.1003542568254494,0.999914395723477,1.1030351,,,35.271412144027664,37.86687606904902,10.040190555555519
b2c46,2,46,503.0,4.8C(80%)-4.8C,523,0,0.83298075,True,True,-3.5084406210446826,-0.05286240500828243,-0.022834298631913233,4.8,80.0,4.8,1.9638269635131457e-05,4.7991545129026685,4.799737703293897,0.015586811919411322,0.9995938940314762,10.00163487511782,98,1.100741186884933,0.99998134498801,1.100943,,,29.88150861827619,31.01220065415558,10.169808435374172
b3c0,3,0,1009.0,5C(67%)-4C-newstructure,1008,0,0.88247329,True,True,-4.244680358543627,-0.02331165742747432,-0.01010217739369119,5.0,67.0,4.0,-5.346195423626031e-06,4.795665212451806,4.813813702599278,0.08707750733972733,0.8330061976299992,10.007918408316435,99,1.1004075942230662,0.9999323945025905,1.0674551,0.015235852282828284,-5.13054666666686e-05,32.194853230782606,33.560153344027476,10.042610084175084
b3c1,3,1,1063.0,5.3C(54%)-4C-newstructure,1062,0,0.88175124,True,True,-4.285108198625103,-0.022324177554068236,-0.009621018929360837,5.3,54.0,4.0,-1.4719340754480143e-05,4.796306155121649,4.8392037925026905,0.13404365184281733,0.6791475429128347,10.006661488505697,99,1.1004244021663805,0.99994269054323,1.0650603,0.014984559090909092,-2.8171133333336137e-05,34.83231929224147,37.98835277556221,10.041381363636303
b3c2,3,2,1267.0,5.6C(19%)-4.6C-newstructure,1266,0,0.88083059,True,True,-4.778946078146963,-0.008648038341613706,-0.0026131423354832516,5.6,19.0,4.6,-2.039117996289508e-05,4.795021681940612,4.812945945881982,0.08654418675216911,0.9958361153342384,10.008957131916587,99,1.1004661644206033,0.9998670283577327,1.060818,0.014618566616161614,-0.00019727094444444565,36.79033178065713,40.5242590441136,10.043663265993228
b3c3,3,3,1115.0,5.6C(36%)-4.3C-newstructure,1114,0,0.88176334,True,True,-4.116173258607179,-0.026836614735112785,-0.010705414352713173,5.6,36.0,4.3,-1.2654854669141905e-05,4.795964000872108,4.838843543801569,0.13401968062366382,0.448482721161262,10.006810115391943,99,1.1003918207901635,0.9998345715268475,1.0628892,0.014999963767676767,5.792916666666481e-05,36.08374244976545,39.4408972847914,10.041502946127975
b3c4,3,4,1048.0,5.6C(19%)-4.6C-newstructure,1047,0,0.88112104,True,True,-4.178031161375803,-0.024810275761238065,-0.010106438868906728,5.6,19.0,4.6,-5.233104514546137e-06,4.794035406494427,4.811936307917402,0.08649735027625892,0.9953263768092359,10.010865877125925,99,1.100429296096907,0.9998452943702479,1.0724765,0.015129103909090906,-2.0938722222222858e-05,32.11715379681872,32.98110366119803,10.045573973063998
b3c5,3,5,828.0,5.6C(36%)-4.3C-newstructure,827,0,0.8826533,True,True,-4.113989462952569,-0.025445098246365427,-0.011445765437692483,5.6,36.0,4.3,-1.602090043289774e-05,4.795709445174529,4.838518234445442,0.13391227304651782,0.4484895156487576,10.00728927900396,99,1.1003980692978181,0.9998229129721147,1.0514506,0.01518261805050505,-0.00010497842222221936,35.56013985266867,39.69079276471186,10.042010656565727
b3c6,3,6,667.0,3.7C(31%)-5.9C-newstructure,666,0,0.88151622,True,True,-3.525273681171474,-0.05320164659124538,-0.028517561100453778,3.7,31.0,5.9,-0.0002023977884972222,4.790407274614029,4.9146215175986585,0.22919673635076923,0.615159849661909,10.04640268460351,99,1.099833880674106,1.002444210005099,1.0626124,0.013730660939393938,0.000272679611111111,34.1072055276095,36.98765147763979,10.080923367003404
b3c7,3,7,1836.0,4.8C(80%)-4.8C-newstructure,1835,0,0.88102299,True,True,-4.48830767619389,-0.017059021835070354,-0.007037779014879846,4.8,80.0,4.8,-2.3574483611610727e-06,4.362078931743759,4.362562861604885,0.014883711346617924,0.0,11.005722009292214,99,1.1007841189467442,0.9999724027562326,1.0675218,0.015428265515151515,8.85824444444086e-06,32.79694473003086,34.27477909930834,11.040740218855252
b3c8,3,8,828.0,5C(67%)-4C-newstructure,827,0,0.88365865,True,True,-4.091369245668356,-0.026848970612832312,-0.01180636842641505,5.0,67.0,4.0,-3.3089511440911376e-06,4.795433566686268,4.8135589429893155,0.08702561058568797,0.8329970899783508,10.008587715008462,99,1.1003762207769685,0.9999365763471869,1.0647362,0.015253319353535355,-7.970926666666517e-05,33.05552416009523,35.07929651965403,10.043270673400722
b3c9,3,9,1039.0,5.3C(54%)-4C-newstructure,1038,0,0.88188958,True,True,-3.98186244123407,-0.0295752747869662,-0.014478011810756069,5.3,54.0,4.0,6.68053184916058e-07,4.796046227330505,4.838944763662292,0.13404861906900503,0.6791627017323397,10.006959436608428,99,1.1003416833349755,0.9998729119519786,1.0694826,0.0157985837979798,2.7078977777778707e-05,33.08832983925303,35.09617884754773,10.04115065656567
b3c10,3,10,1078.0,4.8C(80%)-4.8C-newstructure,1077,0,0.88169599,True,True,-4.410921412252559,-0.019093025885229542,-0.008335183582489896,4.8,80.0,4.8,-2.8759653679635088e-06,4.362197287808302,4.362678019266423,0.014842280835301678,0.0,11.00441147879412,99,1.1006958404448652,0.9999681610895916,1.0617746,0.01537307471717172,-4.500705555555637e-05,32.5348014795901,34.79216549532189,11.039443922558931
b3c11,3,11,817.0,5.6C(19%)-4.6C-newstructure,816,0,0.88313174,True,True,-3.8844866526940733,-0.034087374997818,-0.015620691175653463,5.6,19.0,4.6,-1.7682165739029632e-05,4.795785561161994,4.813672413080959,0.08644751431757809,0.9966886279048807,10.007745779380565,99,1.1003858453657962,0.9999221450669954,1.0680679,0.015524714272727273,-1.1838333333335019e-05,34.20373702283128,37.60932852326845,10.042466936026983
b3c12,3,12,932.0,5.6C(36%)-4.3C-newstructure,931,0,0.88276571,True,True,-3.946355465036171,-0.03173492178819726,-0.01531489306361951,5.6,36.0,4.3,-6.6794632034672655e-06,4.7958498091196065,4.8386081494525275,0.1338312307279117,0.4484536719413478,10.007741251370458,99,1.100361750219975,0.9999415381820109,1.0741653,0.016047835363636364,1.2474866666663947e-05,33.2205731520236,35.542101100869175,10.042442037037002
b3c13,3,13,816.0,5.6C(19%)-4.6C-newstructure,815,0,0.88252878,True,True,-4.094031973537554,-0.027646083960900736,-0.01176548019743392,5.6,19.0,4.6,-1.2185193568341783e-05,4.795516577816534,4.813448100683963,0.08655793087533425,0.995316374867106,10.00762907739858,99,1.1003682413840965,0.9998427324195621,1.065558,0.015128562717171716,-8.765267777777891e-05,34.11768528185422,37.233278981795394,10.042358249158227
b3c14,3,14,858.0,5.6C(36%)-4.3C-newstructure,857,0,0.88313156,True,True,-3.9992331831677133,-0.029282360362737236,-0.013203557332650977,5.6,36.0,4.3,4.6361076066727265e-06,4.795858010611421,4.838687497333052,0.13394289291127714,0.44848461545162865,10.007120498079509,99,1.1004132948589824,0.9998888186591677,1.0727056,0.015551921989898992,-1.6214199999999707e-05,33.11953606667905,35.48777029470216,10.041858265993287
b3c15,3,15,876.0,5.9C(15%)-4.6C-newstructure,875,0,0.88157988,True,True,-4.00024991015545,-0.02948434500233621,-0.013340330831580071,5.9,15.0,4.6,-1.156462213976474e-05,4.796144748375257,4.82016387712981,0.10020438482791266,0.9956244151852287,10.00690210912587,99,1.100449385883908,0.9998594382836055,1.0684187,0.015306011222222221,-3.830924444444411e-05,33.51055049283859,36.80771071001127,10.04163658249164
b3c16,3,16,1638.0,4.8C(80%)-4.8C-newstructure,1637,0,0.88079518,True,True,-4.694078987698978,-0.013451995639618852,-0.0053233023549801,4.8,80.0,4.8,-9.691301175018761e-06,4.361507933315053,4.36199331588662,0.014916113201437497,0.0,11.005725665579185,99,1.1007945123148317,0.99997255819761,1.061009,0.015311050717171716,-7.741967777777706e-05,34.94134876933804,37.832425406113444,11.040587407407404
b3c17,3,17,1315.0,5.3C(54%)-4C-newstructure,1314,0,0.8812601,True,True,-4.43927856799074,-0.017882391550413823,-0.007236216829825155,5.3,54.0,4.0,-5.833125541120238e-06,4.795737380114749,4.838698515798328,0.1341512299685687,0.6791510391796423,10.007773519478517,99,1.1003628638013165,0.9998988961484722,1.0664514,0.015443586646464644,-9.268679999999661e-05,35.07228784758459,37.40160198756502,10.042102811447801
b3c18,3,18,1146.0,5.6C(19%)-4.6C-newstructure,1145,0,0.88076878,True,True,-4.2536174894114485,-0.02345576998165999,-0.010342257243667845,5.6,19.0,4.6,-2.927494124922568e-05,4.795251829064064,4.81317346211949,0.0865364559058267,0.995242916570182,10.008446751582696,99,1.1004068234178703,0.999857491842152,1.0680237,0.015015526535353539,-1.5035744444445373e-05,35.2914180269327,37.97024186611959,10.04310829966328
b3c19,3,19,1155.0,5.6C(36%)-4.3C-newstructure,1154,0,0.88100916,True,True,-4.171507362895025,-0.025293657704202555,-0.011545479663150093,5.6,36.0,4.3,-2.9691358070504438e-05,4.795173223048663,4.838030830671707,0.1339966693434006,0.4484848822542384,10.008530698681938,99,1.1003708630954736,0.9999168303781607,1.0719248,0.01546349318181818,2.07336666666752e-06,35.09835953689969,37.876070766588285,10.043189629629584
b3c20,3,20,813.0,5C(67%)-4C-newstructure,812,0,0.88260895,True,True,-4.065910181495544,-0.028071993572476917,-0.011919383387319954,5.0,67.0,4.0,-7.154074211500192e-06,4.795381437535495,4.813521236416715,0.08705898323776681,0.8329921063623835,10.008651078572376,99,1.1003848408176498,0.9999327508721976,1.0650502,0.015263322232323233,3.994666666664801e-06,33.10212248197412,35.739254750947524,10.043380471380493
b3c21,3,21,772.0,3.7C(31%)-5.9C-newstructure,771,0,0.88257319,True,True,-3.7038921739552135,-0.04327614857800555,-0.02353870422305198,3.7,31.0,5.9,-0.0001594917019171322,4.787161806583596,4.910606239888949,0.22855446157433845,0.6148390366257969,10.044545843031381,99,1.099690389029882,1.0017226222819546,1.0678563,0.014093014131313133,0.00019381217777777494,34.900399416468076,37.9177756860133,10.079161515151517
b3c22,3,22,1002.0,5.9C(60%)-3.1C-newstructure,1001,0,0.88426059,True,True,-4.046387885320449,-0.028409329718630083,-0.013722550516362942,5.9,60.0,3.1,-1.5988764378483083e-05,4.795228945592448,4.98781364550258,0.2862451594152117,0.7460620851806087,10.008194450110775,99,1.100353236421609,0.9997258255597191,1.0562643,0.015685687353535354,-9.551923333333406e-05,34.61069656408486,37.5322343873043,10.04255023569017
b3c23,3,23,,4.8C(80%)-4.8C-newstructure,2189,0,0.93748081,False,True,-4.543355442337179,-0.01560831972082899,-0.006808658684372332,4.8,80.0,4.8,-5.331878787886973e-06,4.362366741617824,4.362861599336477,0.014983072643469658,0.0,11.00345209351609,99,1.10074754692049,0.9999667745246358,1.0661554,0.01526148087878788,-3.319588888888933e-05,34.929390162261846,38.202055623468546,11.038375218855206
b3c24,3,24,825.0,5C(67%)-4C-newstructure,824,0,0.88292801,True,True,-4.154820483102516,-0.0247723986145858,-0.010345482795288033,5.0,67.0,4.0,9.6505887445875e-06,4.795994835418149,4.814138118825269,0.087063565887362,0.8330188692152365,10.00711241232073,99,1.100406810436634,0.9998891679303358,1.0462732,0.015554037858585858,-8.093565555555848e-05,34.68760501613314,37.236331842653044,10.041832441077416
b3c25,3,25,989.0,5.3C(54%)-4C-newstructure,988,0,0.8841275,True,True,-4.146126232959254,-0.026576249209760316,-0.010925821646167616,5.3,54.0,4.0,6.950843537418871e-06,4.7954952328369735,4.838465932416217,0.13416938155900315,0.679178549721311,10.007888192644899,99,1.1003854768629502,0.9998509229233324,1.0611302,0.015641851515151513,2.0855300000000715e-05,35.58186389191699,38.88624032121534,10.042413013468028
b3c26,3,26,1028.0,5.6C(19%)-4.6C-newstructure,1027,0,0.88165653,True,True,-4.219072902127027,-0.02417913926788795,-0.01013959278346487,5.6,19.0,4.6,-4.2884230055903015e-07,4.795548478699155,4.813456285954286,0.0865003860996289,0.9951197842138135,10.007593980353715,99,1.1003649568832796,0.9998262400388856,1.0720186,0.015593572727272726,6.350744444449247e-06,35.745916536891265,39.14135891629517,10.042290858585826
b3c27,3,27,850.0,5.6C(36%)-4.3C-newstructure,849,0,0.88191897,True,True,-4.12969779916042,-0.026600290807078597,-0.01070991087322853,5.6,36.0,4.3,-4.0353704390864875e-06,4.794023783996186,4.836915745444016,0.13406658398240362,0.4485099015015587,10.010289652735809,99,1.1004066786919546,0.9997209877700849,1.0604171,0.014919440515151516,-1.594696666666444e-05,35.30844806776433,38.44588898200405,10.045002356902378
b3c28,3,28,541.0,3.7C(31%)-5.9C-newstructure,540,0,0.88175243,True,True,-3.4512233812429836,-0.05783112055064066,-0.03025611921470947,3.7,31.0,5.9,-0.00019802208534322756,4.793420760040859,4.91750772988658,0.22900450691971702,0.6157116562070102,10.054227466527173,99,1.0996597399209853,1.0036324824801377,1.0518668,0.01342088496969697,0.00038512591111111195,35.69688828820833,39.55791836716047,10.088611986532047
b3c29,3,29,858.0,5.9C(15%)-4.6C-newstructure,857,0,0.8821013,True,True,-4.06314158842719,-0.028921475161164945,-0.011300575148553208,5.9,15.0,4.6,4.077620284472189e-06,4.79593052762141,4.8200135381367275,0.10033905978327218,0.9962082510769261,10.007302040700036,99,1.1003930017466894,0.9998905970847294,1.0663688,0.014824126747474747,-0.00011776571111110981,31.262889334066085,31.680285422399457,10.041979612794579
b3c30,3,30,935.0,5.3C(54%)-4C-newstructure,934,0,0.88269353,True,True,-4.099791035006636,-0.026737169755743473,-0.011137570899382837,5.3,54.0,4.0,-3.416536796534243e-06,4.795122597422253,4.838057211960442,0.13411825210243833,0.679164091813106,10.008904935391461,99,1.1004394607433714,0.9998834285430259,1.0687393,0.015572678929292929,-2.0149044444443473e-05,32.24311941023021,33.95640656351435,10.04344259259257
b3c31,3,31,731.0,5.9C(60%)-3.1C-newstructure,730,0,0.88328296,True,True,-3.839168513661697,-0.035619409739265695,-0.01635054856148944,5.9,60.0,3.1,-8.999562152133179e-06,4.7937715167242585,4.986461253494035,0.2863691193975565,0.7460647793880368,10.011172052563122,99,1.100390615761168,0.9997473852137067,1.0681812,0.015875272090909092,5.005349999999756e-05,34.00003070157337,36.77304266866142,10.045700723905673
b3c32,3,32,,4.8C(80%)-4.8C-newstructure,2237,0,0.97413599,False,True,-4.672918260349452,-0.01012140041626175,-0.003256900898765374,4.8,80.0,4.8,-1.0736820037102396e-05,4.362080874357039,4.362563984631868,0.01487945513713971,0.0,11.004683456354252,99,1.1007055085077,0.9999699488632705,1.0725862,0.015372072949494947,-0.0001639253111111079,35.436174962805026,38.1223484949636,11.039484747474773
b3c33,3,33,1284.0,5C(67%)-4C-newstructure,1283,0,0.8823657,True,True,-4.395463821299672,-0.019885925647910252,-0.00784867836178756,5.0,67.0,4.0,-1.2591045145338765e-05,4.795361063227814,4.81347363292024,0.08699569247415928,0.8330134747568564,10.008549938353834,99,1.1003946097559822,0.9998825102914871,1.060272,0.015340797171717173,-8.131105555555379e-05,33.10710984192206,34.284327507895505,10.043259696969717
b3c34,3,34,1158.0,5.3C(54%)-4C-newstructure,1157,0,0.8816644,True,True,-4.305224992817558,-0.02150989276991433,-0.00955200556777299,5.3,54.0,4.0,-2.115797278911987e-05,4.794965018967664,4.837944765391253,0.134191384023417,0.6791708061735112,10.009163599233045,99,1.100397761486697,0.9998971481685843,1.061535,0.015302312080808081,-3.418754444444588e-05,35.77943527518051,38.98815031750086,10.043539814814821
b3c35,3,35,1093.0,5.6C(19%)-4.6C-newstructure,1092,0,0.88138103,True,True,-4.234423777950546,-0.02302807515263361,-0.009826425701495065,5.6,19.0,4.6,-1.953093877550817e-05,4.795133383090386,4.813042801989635,0.08650806535558665,0.9959760934101846,10.008863267735853,99,1.1004052209527122,0.9999260533539892,1.0633804,0.01537437201010101,-4.915107777778149e-05,35.532941501822236,38.53730929443863,10.043588619528593
b3c36,3,36,923.0,5.6C(36%)-4.3C-newstructure,922,0,0.88379133,True,True,-4.253023408907191,-0.022981813517992444,-0.009908357469924613,5.6,36.0,4.3,-2.197191960420188e-05,4.794928638834732,4.837767361114951,0.13397031517022012,0.448494045028796,10.008755002367202,99,1.1003868560389949,0.9997995502521466,1.0575287,0.0151344318989899,-6.239752222221909e-05,35.87907157748097,39.38680749559564,10.043494949494974
b3c37,3,37,1390.0,4.8C(80%)-4.8C-newstructure,1389,0,0.88202643,True,True,-5.0984213376234795,-0.008439822988718593,-0.001076797766325731,4.8,80.0,4.8,-2.0516487322216555e-06,4.362120342844968,4.362605488533095,0.01490979450990072,0.0,11.003716941702839,99,1.100294279293908,0.9999914710821479,1.0465839,0.014715773414141417,-7.412761111111332e-05,35.01461049108638,37.82132622347397,11.038428198653161
b3c38,3,38,1935.0,5C(67%)-4C-newstructure,1934,0,0.88092142,True,True,-4.341618532018267,-0.020147005721674938,-0.008693083372975452,5.0,67.0,4.0,-8.787589363021427e-06,4.794946072820764,4.813154867159898,0.08722936208961891,0.8330415727340721,10.008987389735443,99,1.10041051848263,0.9998244768271526,1.0701473,0.01583589924242424,-8.123378888888824e-05,34.745836319764145,37.739090670595026,10.043707962962927
b3c39,3,39,1156.0,5.3C(54%)-4C-newstructure,1155,0,0.88255972,True,True,-4.454200564792302,-0.017457917694832736,-0.006428438589560583,5.3,54.0,4.0,-6.583238095233322e-06,4.795103174529724,4.838047204847951,0.13413316606252643,0.6791650067868581,10.008868930204464,99,1.1004288267050693,0.9998531725377148,1.0474036,0.015563160080808082,-6.683183333333273e-05,33.887021839840784,36.074946023996944,10.043092710437712
b3c40,3,40,796.0,5.6C(19%)-4.6C-newstructure,795,0,0.88294756,True,True,-4.294673763163302,-0.022053794482172262,-0.009078861478925764,5.6,19.0,4.6,-7.692147186143209e-06,4.794947287484656,4.812886534985681,0.08657973412965815,0.9954558863074823,10.009059397207293,99,1.1003900067869,0.9998764214676804,1.0593235,0.015390749383838383,-0.00018763142222222653,34.05341123035083,37.527810173662246,10.043764865319858
b3c41,3,41,786.0,5.6C(36%)-4.3C-newstructure,785,0,0.88251382,True,True,-4.219074858982626,-0.024192993699098664,-0.009748050525024678,5.6,36.0,4.3,9.732244897959292e-06,4.795453156159115,4.8382498860238385,0.13389715211372047,0.4484488487216703,10.008433067270358,99,1.1003816851472117,0.9999316977698728,1.0505219,0.018306992535353537,-0.00021858340000000323,33.640262798950594,36.62919119540175,10.043162962962906
b3c42,3,42,1642.0,4.8C(80%)-4.8C-newstructure,1641,0,0.88136953,True,True,-4.345760173287821,-0.005609789046358671,0.0007845194706261454,4.8,80.0,4.8,1.8104885590570822e-06,4.362079071720442,4.362574551151758,0.014977610504577184,0.0,11.003781312581589,99,1.1003475675815921,0.9999895302885128,1.0669198,0.016131830323232323,-0.00046330559999999826,33.03326599301577,35.57262282220451,11.03849814814812
b3c43,3,43,1046.0,5C(67%)-4C-newstructure,1045,0,0.8824718,True,True,-4.3163135082513255,-0.01297639899175873,-0.003266056933426803,5.0,67.0,4.0,3.041014223876659e-06,4.795102904450184,4.813212906057591,0.08699069008545808,0.8330195141652629,10.008944169230517,99,1.1004875132561993,0.9998441446377629,1.0701852,0.015828501373737373,-0.00015770862222222112,33.89526904792961,36.95614928561784,10.043652104377044
b3c44,3,44,940.0,5.3C(54%)-4C-newstructure,939,0,0.8833977,True,True,-4.131061010602478,-0.02598513188750473,-0.011231061096491921,5.3,54.0,4.0,4.689736549163306e-06,4.795362795786833,4.838243477096873,0.1340300887913181,0.6791459790921821,10.008639066408326,99,1.1004020377144768,0.9999137723140809,1.06972,0.015572503777777776,-3.148534444444989e-05,33.35164903826186,36.336163666791506,10.043212407407367
b3c45,3,45,1801.0,4.8C(80%)-4.8C-newstructure,1800,0,0.88088334,True,True,-4.520416288811736,-0.016477960740300612,-0.007131752461986142,4.8,80.0,4.8,-1.2584539269261775e-07,4.362323058758974,4.3627997321898,0.014779638025631064,0.0,11.003614028894889,99,1.100730657604116,0.9999709231953943,1.0695485,0.015618692474747477,-3.4317333333328676e-05,32.72596355233115,34.6817726725469,11.038587558922575
