cell_id,batch,cycle,reason,duration_min,integral_ratio
b1c5,1,13,duration_or_charge_integral_inconsistent,418.81849503811736,21.750906847817628
b1c14,1,13,duration_or_charge_integral_inconsistent,419.7050282497085,26.32748061583965
b1c15,1,13,duration_or_charge_integral_inconsistent,419.7054764162809,26.03838440879293
b2c14,2,50,duration_or_charge_integral_inconsistent,3934.5370691001986,268.5837044009952
b2c20,2,50,duration_or_charge_integral_inconsistent,3932.424317532205,167.71515135723388
b2c22,2,99,duration_or_charge_integral_inconsistent,959.6124821454351,0.9999998074681988
b2c23,2,99,invalid_time_or_missing_80pct_endpoint,,
b2c26,2,51,duration_or_charge_integral_inconsistent,3933.101989384159,187.36934140494807
b2c28,2,49,duration_or_charge_integral_inconsistent,3933.5684517339955,204.8503417481673
b2c30,2,52,duration_or_charge_integral_inconsistent,3933.379201776491,205.32275832598341
b2c32,2,71,duration_or_charge_integral_inconsistent,3933.4204635737187,201.73587997631373
b2c34,2,77,duration_or_charge_integral_inconsistent,3934.089090175869,207.31608758684231
b2c35,2,99,invalid_time_or_missing_80pct_endpoint,,
b2c36,2,99,invalid_time_or_missing_80pct_endpoint,,
b2c37,2,100,duration_or_charge_integral_inconsistent,479.96379179450287,0.9999989821918804
b2c38,2,100,duration_or_charge_integral_inconsistent,479.8675795033856,0.9999998828083894
b2c39,2,100,duration_or_charge_integral_inconsistent,479.9025194133701,0.9999997238783511
b2c40,2,49,duration_or_charge_integral_inconsistent,3932.7755183277563,192.31154413882777
b2c40,2,100,duration_or_charge_integral_inconsistent,479.8732433746878,0.9999990618467705
b2c41,2,51,duration_or_charge_integral_inconsistent,3933.592745277594,255.17093899260553
b2c44,2,70,duration_or_charge_integral_inconsistent,3932.4724534433803,223.90849551250818
b2c46,2,48,duration_or_charge_integral_inconsistent,3933.6724815383936,214.72667350701352
