cell_id,raw_index,last_QD,author_flag,author_rule,terminal_above_0885,source
b3c0,0,0.8804329,False,,False,https://github.com/rdbraatz/data-driven-prediction-of-battery-cycle-life-before-capacity-degradation/blob/master/LoadData.m
b3c1,1,0.8802734,False,,False,https://github.com/rdbraatz/data-driven-prediction-of-battery-cycle-life-before-capacity-degradation/blob/master/LoadData.m
b3c2,2,0.88013124,True,author noisy-cell rule after terminal filter,False,https://github.com/rdbraatz/data-driven-prediction-of-battery-cycle-life-before-capacity-degradation/blob/master/LoadData.m
b3c3,3,0.88058406,False,,False,https://github.com/rdbraatz/data-driven-prediction-of-battery-cycle-life-before-capacity-degradation/blob/master/LoadData.m
b3c4,4,0.88001466,False,,False,https://github.com/rdbraatz/data-driven-prediction-of-battery-cycle-life-before-capacity-degradation/blob/master/LoadData.m
b3c5,5,0.88066918,False,,False,https://github.com/rdbraatz/data-driven-prediction-of-battery-cycle-life-before-capacity-degradation/blob/master/LoadData.m
b3c6,6,0.88052577,False,,False,https://github.com/rdbraatz/data-driven-prediction-of-battery-cycle-life-before-capacity-degradation/blob/master/LoadData.m
b3c7,7,0.88036358,False,,False,https://github.com/rdbraatz/data-driven-prediction-of-battery-cycle-life-before-capacity-degradation/blob/master/LoadData.m
b3c8,8,0.88094097,False,,False,https://github.com/rdbraatz/data-driven-prediction-of-battery-cycle-life-before-capacity-degradation/blob/master/LoadData.m
b3c9,9,0.8801114,False,,False,https://github.com/rdbraatz/data-driven-prediction-of-battery-cycle-life-before-capacity-degradation/blob/master/LoadData.m
b3c10,10,0.88064086,False,,False,https://github.com/rdbraatz/data-driven-prediction-of-battery-cycle-life-before-capacity-degradation/blob/master/LoadData.m
b3c11,11,0.88113368,False,,False,https://github.com/rdbraatz/data-driven-prediction-of-battery-cycle-life-before-capacity-degradation/blob/master/LoadData.m
b3c12,12,0.88080788,False,,False,https://github.com/rdbraatz/data-driven-prediction-of-battery-cycle-life-before-capacity-degradation/blob/master/LoadData.m
b3c13,13,0.88024569,False,,False,https://github.com/rdbraatz/data-driven-prediction-of-battery-cycle-life-before-capacity-degradation/blob/master/LoadData.m
b3c14,14,0.88065648,False,,False,https://github.com/rdbraatz/data-driven-prediction-of-battery-cycle-life-before-capacity-degradation/blob/master/LoadData.m
b3c15,15,0.88058048,False,,False,https://github.com/rdbraatz/data-driven-prediction-of-battery-cycle-life-before-capacity-degradation/blob/master/LoadData.m
b3c16,16,0.88014877,False,,False,https://github.com/rdbraatz/data-driven-prediction-of-battery-cycle-life-before-capacity-degradation/blob/master/LoadData.m
b3c17,17,0.88043362,False,,False,https://github.com/rdbraatz/data-driven-prediction-of-battery-cycle-life-before-capacity-degradation/blob/master/LoadData.m
b3c18,18,0.88003904,False,,False,https://github.com/rdbraatz/data-driven-prediction-of-battery-cycle-life-before-capacity-degradation/blob/master/LoadData.m
b3c19,19,0.88007373,False,,False,https://github.com/rdbraatz/data-driven-prediction-of-battery-cycle-life-before-capacity-degradation/blob/master/LoadData.m
b3c20,20,0.88059181,False,,False,https://github.com/rdbraatz/data-driven-prediction-of-battery-cycle-life-before-capacity-degradation/blob/master/LoadData.m
b3c21,21,0.8801983,False,,False,https://github.com/rdbraatz/data-driven-prediction-of-battery-cycle-life-before-capacity-degradation/blob/master/LoadData.m
b3c22,22,0.88094068,False,,False,https://github.com/rdbraatz/data-driven-prediction-of-battery-cycle-life-before-capacity-degradation/blob/master/LoadData.m
b3c23,23,0.93701142,False,,True,https://github.com/rdbraatz/data-driven-prediction-of-battery-cycle-life-before-capacity-degradation/blob/master/LoadData.m
b3c24,24,0.88021326,False,,False,https://github.com/rdbraatz/data-driven-prediction-of-battery-cycle-life-before-capacity-degradation/blob/master/LoadData.m
b3c25,25,0.88167018,False,,False,https://github.com/rdbraatz/data-driven-prediction-of-battery-cycle-life-before-capacity-degradation/blob/master/LoadData.m
b3c26,26,0.88023561,False,,False,https://github.com/rdbraatz/data-driven-prediction-of-battery-cycle-life-before-capacity-degradation/blob/master/LoadData.m
b3c27,27,0.88002509,False,,False,https://github.com/rdbraatz/data-driven-prediction-of-battery-cycle-life-before-capacity-degradation/blob/master/LoadData.m
b3c28,28,0.88010961,False,,False,https://github.com/rdbraatz/data-driven-prediction-of-battery-cycle-life-before-capacity-degradation/blob/master/LoadData.m
b3c29,29,0.88007307,False,,False,https://github.com/rdbraatz/data-driven-prediction-of-battery-cycle-life-before-capacity-degradation/blob/master/LoadData.m
b3c30,30,0.88024825,False,,False,https://github.com/rdbraatz/data-driven-prediction-of-battery-cycle-life-before-capacity-degradation/blob/master/LoadData.m
b3c31,31,0.88031369,False,,False,https://github.com/rdbraatz/data-driven-prediction-of-battery-cycle-life-before-capacity-degradation/blob/master/LoadData.m
b3c32,32,0.97388279,False,,True,https://github.com/rdbraatz/data-driven-prediction-of-battery-cycle-life-before-capacity-degradation/blob/master/LoadData.m
b3c33,33,0.88079751,False,,False,https://github.com/rdbraatz/data-driven-prediction-of-battery-cycle-life-before-capacity-degradation/blob/master/LoadData.m
b3c34,34,0.88017184,False,,False,https://github.com/rdbraatz/data-driven-prediction-of-battery-cycle-life-before-capacity-degradation/blob/master/LoadData.m
b3c35,35,0.88011736,False,,False,https://github.com/rdbraatz/data-driven-prediction-of-battery-cycle-life-before-capacity-degradation/blob/master/LoadData.m
b3c36,36,0.88060242,False,,False,https://github.com/rdbraatz/data-driven-prediction-of-battery-cycle-life-before-capacity-degradation/blob/master/LoadData.m
b3c37,37,0.88049883,True,channel-46 collection issue,False,https://github.com/rdbraatz/data-driven-prediction-of-battery-cycle-life-before-capacity-degradation/blob/master/LoadData.m
b3c38,38,0.88000458,False,,False,https://github.com/rdbraatz/data-driven-prediction-of-battery-cycle-life-before-capacity-degradation/blob/master/LoadData.m
b3c39,39,0.88043225,False,,False,https://github.com/rdbraatz/data-driven-prediction-of-battery-cycle-life-before-capacity-degradation/blob/master/LoadData.m
b3c40,40,0.88070726,False,,False,https://github.com/rdbraatz/data-driven-prediction-of-battery-cycle-life-before-capacity-degradation/blob/master/LoadData.m
b3c41,41,0.88062328,False,,False,https://github.com/rdbraatz/data-driven-prediction-of-battery-cycle-life-before-capacity-degradation/blob/master/LoadData.m
b3c42,42,0.88037544,True,author noisy-cell rule after terminal filter,False,https://github.com/rdbraatz/data-driven-prediction-of-battery-cycle-life-before-capacity-degradation/blob/master/LoadData.m
b3c43,43,0.88060749,True,author noisy-cell rule after terminal filter,False,https://github.com/rdbraatz/data-driven-prediction-of-battery-cycle-life-before-capacity-degradation/blob/master/LoadData.m
b3c44,44,0.88046378,False,,False,https://github.com/rdbraatz/data-driven-prediction-of-battery-cycle-life-before-capacity-degradation/blob/master/LoadData.m
b3c45,45,0.88047254,False,,False,https://github.com/rdbraatz/data-driven-prediction-of-battery-cycle-life-before-capacity-degradation/blob/master/LoadData.m
