spec_id,candidate,family,features,target,CV_MAPE_pct,CV_MAPE_sd,CV_MAE_cycles,feature_n,alpha,max_depth,min_samples_leaf,l1_ratio,selected,within_one_SE
S003,M1,ridge,single,raw,7.115418351065432,2.998819731557356,59.63000541531261,1,1.0,,,,True,True
S006,M1,ridge,single,log10,7.135235805501857,2.4097968778934673,61.50270391280994,1,0.01,,,,False,True
S007,M1,ridge,single,log10,7.141868088994455,2.412208073899624,61.53844833133394,1,0.1,,,,False,True
S185,M5,elasticnet,delta_pair,raw,7.177524211481104,3.052903681322769,60.1670782244675,2,0.01,,,0.1,False,True
S002,M1,ridge,single,raw,7.191900909657905,2.8304613954500137,60.12140766378517,1,0.1,,,,False,True
S001,M1,ridge,single,raw,7.199831839054977,2.813727622265144,60.172377328475,1,0.01,,,,False,True
S190,M5,elasticnet,delta_pair,raw,7.2061546678455715,3.0304149775255147,60.2885420599721,2,0.1,,,0.9,False,True
S008,M1,ridge,single,log10,7.211085136254297,2.4316421216564215,61.92834174089812,1,1.0,,,,False,True
S072,M4,ridge,delta_pair,log10,7.237128716475847,2.9624841209148056,61.54457948085413,2,1.0,,,,False,True
S186,M5,elasticnet,delta_pair,raw,7.26124111277592,2.8488304704793768,60.727260439699236,2,0.01,,,0.5,False,True
S066,M4,ridge,delta_pair,raw,7.324220130689684,2.7330242566092244,61.13162937637999,2,0.1,,,,False,True
S011,M2,ridge,physical,raw,7.36981552816494,1.4508309956081893,61.59364311702272,5,0.01,,,,False,True
S204,M5,elasticnet,delta_pair,log10,7.370274336534097,2.7898654767992417,62.74653537221726,2,0.001,,,0.5,False,True
S097,M5,elasticnet,physical,raw,7.374657587981773,1.4629035339738812,61.60853716993519,5,0.01,,,0.9,False,True
S205,M5,elasticnet,delta_pair,log10,7.37615233649625,2.7839615156989863,62.75925841713449,2,0.001,,,0.9,False,True
S067,M4,ridge,delta_pair,raw,7.37820303842326,3.081819886669032,61.160377430802455,2,1.0,,,,False,True
S206,M5,elasticnet,delta_pair,log10,7.379875517710746,2.7845128467950335,62.70556049946951,2,0.01,,,0.1,False,True
S012,M2,ridge,physical,raw,7.390431676607737,1.4982150421020768,61.645541494799076,5,0.1,,,,False,True
S096,M5,elasticnet,physical,raw,7.398763433701747,1.5227267335552221,61.6685145990996,5,0.01,,,0.5,False,True
S095,M5,elasticnet,physical,raw,7.436047824104695,1.6018299674172796,61.86154599071282,5,0.01,,,0.1,False,True
S207,M5,elasticnet,delta_pair,log10,7.440501348279776,2.726440841988499,62.84385730178493,2,0.01,,,0.5,False,True
S189,M5,elasticnet,delta_pair,raw,7.441701110628661,3.069136198657858,61.75791541283602,2,0.1,,,0.5,False,True
S100,M5,elasticnet,physical,raw,7.450378009391301,1.6442337842968056,61.93696350779252,5,0.1,,,0.9,False,True
S073,M4,ridge,delta_pair,log10,7.4525535831432475,2.8649227507170965,62.857569988772994,2,10.0,,,,False,True
S187,M5,elasticnet,delta_pair,raw,7.493921115077096,2.4682356575127375,62.20444008020716,2,0.01,,,0.9,False,True
S093,M4,ridge,current_delta,log10,7.5201818969319705,1.9793971373432404,63.148456939887126,7,10.0,,,,False,True
S193,M5,elasticnet,delta_pair,raw,7.522684815198369,3.1090503883749823,62.76559539895358,2,1.0,,,0.9,False,True
S188,M5,elasticnet,delta_pair,raw,7.525835195829336,3.082062751745643,62.65436814884332,2,0.1,,,0.1,False,True
S268,M5,elasticnet,current_delta,log10,7.5491205504396275,2.3033488658372767,62.51245502391913,7,0.01,,,0.9,False,True
S065,M4,ridge,delta_pair,raw,7.555635655742725,2.391579445704795,62.59431744252514,2,0.01,,,,False,True
S178,M5,elasticnet,current,log10,7.559255263234682,2.1887388916516333,62.92786722336034,6,0.01,,,0.9,False,True
S068,M4,ridge,delta_pair,raw,7.594428332743554,3.2724076537881404,64.27362230887793,2,10.0,,,,False,True
S117,M5,elasticnet,physical,log10,7.60518735001475,2.095229322586966,65.486669812232,5,0.01,,,0.5,False,True
S082,M4,ridge,physical_delta,log10,7.6105073368654885,1.4101089558066018,65.51181209931718,6,1.0,,,,False,True
S269,M5,elasticnet,current_delta,log10,7.616167725129364,2.233898670153015,62.711410988181186,7,0.1,,,0.1,False,True
S236,M5,elasticnet,physical_delta,log10,7.626616469474222,1.5608418267552486,66.2478934680646,6,0.01,,,0.1,False,True
S088,M4,ridge,current_delta,raw,7.636079150873387,2.169015167455923,60.51765803480121,7,10.0,,,,False,True
S013,M2,ridge,physical,raw,7.6487702660178964,2.0343708406888377,62.914856298408345,5,1.0,,,,False,True
S071,M4,ridge,delta_pair,log10,7.649348753688626,2.531824417567479,65.28113827629224,2,0.1,,,,False,True
S252,M5,elasticnet,current_delta,raw,7.667657589820313,2.3027218447175657,61.616979009369174,7,1.0,,,0.5,False,True
S034,M2,ridge,current,raw,7.668289478408953,2.413506940020296,60.992862300248774,6,10.0,,,,False,True
S237,M5,elasticnet,physical_delta,log10,7.69337907970022,2.398448783288472,65.67772916985258,6,0.01,,,0.5,False,True
S203,M5,elasticnet,delta_pair,log10,7.698331518939324,2.4973118427348386,65.76447704889175,2,0.001,,,0.1,False,True
S081,M4,ridge,physical_delta,log10,7.700730223337156,0.9750278938557352,67.11156682161004,6,0.1,,,,False,True
S208,M5,elasticnet,delta_pair,log10,7.700970659850479,2.4814874350637552,64.26741403292826,2,0.01,,,0.9,False,True
S083,M4,ridge,physical_delta,log10,7.7309989531563374,2.696502703323952,63.57390723781619,6,10.0,,,,False,True
S209,M5,elasticnet,delta_pair,log10,7.737962162323153,2.5231233246858613,64.74470022100054,2,0.1,,,0.1,False,True
S076,M4,ridge,physical_delta,raw,7.744787587903957,1.5258712409019486,63.338608871148516,6,0.1,,,,False,True
S099,M5,elasticnet,physical,raw,7.751012973037566,2.2031570890119903,63.44096245441891,5,0.1,,,0.5,False,True
S147,M5,elasticnet,policy,log10,7.755020405051151,2.1490118894785515,66.59429588934664,8,0.01,,,0.5,False,True
S217,M5,elasticnet,physical_delta,raw,7.75860091221476,1.5845272812629403,63.9398070235326,6,0.01,,,0.9,False,True
S216,M5,elasticnet,physical_delta,raw,7.770210442580722,1.4570027850976406,63.30122341760953,6,0.01,,,0.5,False,True
S118,M5,elasticnet,physical,log10,7.790803132612785,2.1000800658382515,65.20320909724087,5,0.01,,,0.9,False,True
S148,M5,elasticnet,policy,log10,7.793496820133798,2.104465440366307,65.22406023825084,8,0.01,,,0.9,False,True
S177,M5,elasticnet,current,log10,7.814952161566131,1.497501391484268,66.87623153051635,6,0.01,,,0.5,False,True
S202,M5,elasticnet,delta_pair,log10,7.8168959761704855,2.436886095618311,66.88501050428503,2,0.0001,,,0.9,False,True
S075,M4,ridge,physical_delta,raw,7.821913930775194,1.4931922660350447,64.4859736527317,6,0.01,,,,False,True
S251,M5,elasticnet,current_delta,raw,7.835334766815791,2.566493771453452,64.37964490667585,7,1.0,,,0.1,False,True
S233,M5,elasticnet,physical_delta,log10,7.837338794122255,1.0266805572554958,68.37413526260164,6,0.001,,,0.1,False,True
S215,M5,elasticnet,physical_delta,raw,7.838141874730343,1.3203092698993733,63.31501309231129,6,0.01,,,0.1,False,True
S234,M5,elasticnet,physical_delta,log10,7.840633145720429,1.0275838807901645,68.37647787547454,6,0.001,,,0.5,False,True
S220,M5,elasticnet,physical_delta,raw,7.841133386234526,1.3019274714558493,63.24599728726632,6,0.1,,,0.9,False,True
S235,M5,elasticnet,physical_delta,log10,7.878044701709532,1.1521523297404146,68.73976232126333,6,0.001,,,0.9,False,True
S238,M5,elasticnet,physical_delta,log10,7.882183371490099,2.347513616441889,65.39937062782893,6,0.01,,,0.9,False,True
S162,M5,elasticnet,current,raw,7.894719911210693,2.426958420582865,63.330724143417385,6,1.0,,,0.5,False,True
S201,M5,elasticnet,delta_pair,log10,7.905967135212208,2.4106626633299912,67.7209356517679,2,0.0001,,,0.5,False,True
S080,M4,ridge,physical_delta,log10,7.909595055785442,1.1126745829177789,69.02576692321277,6,0.01,,,,False,True
S267,M5,elasticnet,current_delta,log10,7.916980781616798,1.7614136097655575,67.28118020184985,7,0.01,,,0.5,False,True
S232,M5,elasticnet,physical_delta,log10,7.923463363182762,1.0953107627938832,69.14776682521375,6,0.0001,,,0.9,False,True
S192,M5,elasticnet,delta_pair,raw,7.928918572416018,2.9830124948535497,66.72857976639241,2,1.0,,,0.5,False,True
S231,M5,elasticnet,physical_delta,log10,7.929164129877196,1.1128800068325924,69.19997823033621,6,0.0001,,,0.5,False,True
S230,M5,elasticnet,physical_delta,log10,7.934931161756549,1.131333947328962,69.25292274908605,6,0.0001,,,0.1,False,True
S098,M5,elasticnet,physical,raw,7.956233757004408,2.4234640042252535,64.32973351275675,5,0.1,,,0.1,False,True
S239,M5,elasticnet,physical_delta,log10,7.958268732387955,2.211006960390982,65.8808883838735,6,0.1,,,0.1,False,True
S103,M5,elasticnet,physical,raw,7.978544782419645,2.4957660912660384,64.20202648248022,5,1.0,,,0.9,False,True
S070,M4,ridge,delta_pair,log10,7.980626159584057,2.4017604236249337,68.41929682252903,2,0.01,,,,False,True
S218,M5,elasticnet,physical_delta,raw,7.991386008028002,1.837730077009673,62.85995539250339,6,0.1,,,0.1,False,True
S200,M5,elasticnet,delta_pair,log10,7.995154013926748,2.400815532552202,68.55839426801013,2,0.0001,,,0.1,False,True
S077,M4,ridge,physical_delta,raw,8.00352818646671,1.2974041576696533,63.405496493929924,6,1.0,,,,False,True
S223,M5,elasticnet,physical_delta,raw,8.017535298244974,2.064368631776029,63.21036772679188,6,1.0,,,0.9,False,True
S158,M5,elasticnet,current,raw,8.020928071089156,1.825862588906444,64.91535210424466,6,0.1,,,0.1,False,True
S219,M5,elasticnet,physical_delta,raw,8.02466013423218,1.4559364715586436,63.391562686145065,6,0.1,,,0.5,False,True
S163,M5,elasticnet,current,raw,8.03566032873087,1.6651248131972058,64.68179540918347,6,1.0,,,0.9,False,True
S110,M5,elasticnet,physical,log10,8.043766989959243,1.37802380942753,71.91007408351776,5,0.0001,,,0.1,False,True
S111,M5,elasticnet,physical,log10,8.044974928672062,1.373560812065344,71.88589821231338,5,0.0001,,,0.5,False,True
S016,M2,ridge,physical,log10,8.045563908456582,1.3769290719061453,71.92420233861343,5,0.01,,,,False,True
S112,M5,elasticnet,physical,log10,8.046220607510897,1.3694830265427758,71.86200748061249,5,0.0001,,,0.9,False,True
S033,M2,ridge,current,raw,8.050015002703653,2.1042692133978402,65.52430441788084,6,1.0,,,,False,True
S092,M4,ridge,current_delta,log10,8.05348667524819,2.055217500763507,70.33704904857895,7,1.0,,,,False,True
S159,M5,elasticnet,current,raw,8.054131120534437,2.0188361139626965,65.43067803552384,6,0.1,,,0.5,False,True
S113,M5,elasticnet,physical,log10,8.054517313785917,1.3620268294343,71.89071717172126,5,0.001,,,0.1,False,True
S157,M5,elasticnet,current,raw,8.064188584067903,2.210014194593006,65.927074186094,6,0.01,,,0.9,False,True
S031,M2,ridge,current,raw,8.06547921028053,2.2120562729727347,65.94720228700308,6,0.01,,,,False,True
S032,M2,ridge,current,raw,8.065519747112273,2.2080008160883446,65.91501814015649,6,0.1,,,,False,True
S156,M5,elasticnet,current,raw,8.067016020969124,2.2090250614037057,65.91811569029765,6,0.01,,,0.5,False,True
S155,M5,elasticnet,current,raw,8.067322745117945,2.2093971995504766,65.89403811651826,6,0.01,,,0.1,False,True
S114,M5,elasticnet,physical,log10,8.06926609774235,1.3481647448805723,71.67828400661163,5,0.001,,,0.5,False,True
S160,M5,elasticnet,current,raw,8.06998012300567,2.199673645547143,65.88745461874399,6,0.1,,,0.9,False,True
S017,M2,ridge,physical,log10,8.070996103571652,1.3543212099482862,72.0217788087383,5,0.1,,,,False,True
S115,M5,elasticnet,physical,log10,8.088352594425949,1.373579874886504,71.60522305410746,5,0.001,,,0.9,False,True
S078,M4,ridge,physical_delta,raw,8.119026324099057,2.350446304774691,65.15935967726644,6,10.0,,,,False,True
S116,M5,elasticnet,physical,log10,8.161269459877392,1.380884985671356,71.92243466437878,5,0.01,,,0.1,False,True
S248,M5,elasticnet,current_delta,raw,8.17993384264788,2.129987048977454,64.86946151784817,7,0.1,,,0.1,False,True
S179,M5,elasticnet,current,log10,8.191287579441862,1.7549778817945123,66.73247423024358,6,0.1,,,0.1,False,True
S253,M5,elasticnet,current_delta,raw,8.217455964003063,2.0980993233835115,64.97860040189433,7,1.0,,,0.9,False,True
S086,M4,ridge,current_delta,raw,8.219195098246079,1.7879770722965045,67.43010956579806,7,0.1,,,,False,True
S018,M2,ridge,physical,log10,8.243330882780338,1.3953826899045745,72.44013989703079,5,1.0,,,,False,True
S247,M5,elasticnet,current_delta,raw,8.246966377858353,1.7926675414721787,68.09832302027024,7,0.01,,,0.9,False,True
S246,M5,elasticnet,current_delta,raw,8.251675698184098,1.8531162105409804,67.41576676814739,7,0.01,,,0.5,False,True
S085,M4,ridge,current_delta,raw,8.260462688002473,1.8035549697181785,68.36247359525967,7,0.01,,,,False,True
S266,M5,elasticnet,current_delta,log10,8.26265358941793,1.982420558953741,72.51500801323584,7,0.01,,,0.1,False,True
S091,M4,ridge,current_delta,log10,8.271910970467754,2.4810230073813218,73.32568053220236,7,0.1,,,,False,True
S245,M5,elasticnet,current_delta,raw,8.310863114792726,1.9883683982619222,67.3378737875207,7,0.01,,,0.1,False,True
S039,M2,ridge,current,log10,8.317296204123215,1.4541632965873008,69.5020016200924,6,10.0,,,,False,True
S222,M5,elasticnet,physical_delta,raw,8.32208742120636,2.1391419813401327,67.16946092129221,6,1.0,,,0.5,False,True
S249,M5,elasticnet,current_delta,raw,8.324515261341938,2.177242099297065,66.16899075434695,7,0.1,,,0.5,False,True
S250,M5,elasticnet,current_delta,raw,8.338911450343252,2.022506768209857,67.38188766742306,7,0.1,,,0.9,False,True
S263,M5,elasticnet,current_delta,log10,8.350354244585551,2.546330243661843,74.25172283789149,7,0.001,,,0.1,False,True
S264,M5,elasticnet,current_delta,log10,8.353034910537742,2.277184543261747,74.165240120978,7,0.001,,,0.5,False,True
S087,M4,ridge,current_delta,raw,8.35986355847928,2.1780286434950207,66.57643801734719,7,1.0,,,,False,True
S265,M5,elasticnet,current_delta,log10,8.387335936845128,2.093331325250343,74.23836610423399,7,0.001,,,0.9,False,True
S262,M5,elasticnet,current_delta,log10,8.389108392854078,2.586036026969963,74.52956405437797,7,0.0001,,,0.9,False,True
S261,M5,elasticnet,current_delta,log10,8.41168180918351,2.6301900764162203,74.70541264108788,7,0.0001,,,0.5,False,True
S090,M4,ridge,current_delta,log10,8.4489982845791,2.7156025846160707,75.17772146890137,7,0.01,,,,False,True
S260,M5,elasticnet,current_delta,log10,8.453158008456686,2.711413647759481,75.18382879252641,7,0.0001,,,0.1,False,True
S145,M5,elasticnet,policy,log10,8.46252363077007,2.675748480637399,75.02178562232692,8,0.001,,,0.9,False,False
S144,M5,elasticnet,policy,log10,8.490567969680892,2.830628557183582,75.38344800261348,8,0.001,,,0.5,False,False
S143,M5,elasticnet,policy,log10,8.505684683420487,3.01917037695976,75.72455329775406,8,0.001,,,0.1,False,False
S027,M2,ridge,policy,log10,8.51576893726334,3.0164460267580817,75.78315477403109,8,0.1,,,,False,False
S142,M5,elasticnet,policy,log10,8.520111574987862,3.0221175604905857,75.91201652680493,8,0.0001,,,0.9,False,False
S141,M5,elasticnet,policy,log10,8.534968197790247,3.0272670252367995,76.086606963999,8,0.0001,,,0.5,False,False
S146,M5,elasticnet,policy,log10,8.546181485151353,2.389245215017913,75.35230311400149,8,0.01,,,0.1,False,False
S140,M5,elasticnet,policy,log10,8.550661664763258,3.0338660582942647,76.2686075474889,8,0.0001,,,0.1,False,False
S026,M2,ridge,policy,log10,8.551424466216872,3.0340763280264333,76.27253619147348,8,0.01,,,,False,False
S176,M5,elasticnet,current,log10,8.603778595982218,1.7220430906487103,76.1620823502402,6,0.01,,,0.1,False,False
S221,M5,elasticnet,physical_delta,raw,8.609281108674434,2.093646222028373,70.52306030275716,6,1.0,,,0.1,False,False
S170,M5,elasticnet,current,log10,8.614880703317372,2.58168524703698,77.53932952966616,6,0.0001,,,0.1,False,False
S036,M2,ridge,current,log10,8.615364306346098,2.5831160915428097,77.54151198035382,6,0.01,,,,False,False
S171,M5,elasticnet,current,log10,8.617106349453525,2.5521883933545575,77.51613997288177,6,0.0001,,,0.5,False,False
S172,M5,elasticnet,current,log10,8.61937931870002,2.5229107330481084,77.49332913271562,6,0.0001,,,0.9,False,False
S175,M5,elasticnet,current,log10,8.622299180515409,1.9649551155676246,76.70423340045923,6,0.001,,,0.9,False,False
S173,M5,elasticnet,current,log10,8.624006952466843,2.4951734827689056,77.47992374739447,6,0.001,,,0.1,False,False
S037,M2,ridge,current,log10,8.627013551497804,2.510017599614594,77.49205759372408,6,0.1,,,,False,False
S009,M1,ridge,single,log10,8.633823113554833,2.0379715084610215,70.96600239650537,1,10.0,,,,False,False
S128,M5,elasticnet,policy,raw,8.642244235490365,2.310571170877323,70.02675185599287,8,0.1,,,0.1,False,False
S038,M2,ridge,current,log10,8.64739902640848,1.8879320133694222,76.58849706599929,6,1.0,,,,False,False
S174,M5,elasticnet,current,log10,8.648462256290646,2.2178392648362246,77.26730372045888,6,0.001,,,0.5,False,False
S014,M2,ridge,physical,raw,8.651706876026498,2.3679118607925003,69.07733652833411,5,10.0,,,,False,False
S028,M2,ridge,policy,log10,8.652408822887283,2.459841907341036,76.01626770752472,8,1.0,,,,False,False
S119,M5,elasticnet,physical,log10,8.667026891447184,1.5396904934418132,70.83785266374451,5,0.1,,,0.1,False,False
S133,M5,elasticnet,policy,raw,8.669200763548455,2.241043994482168,70.01010617804232,8,1.0,,,0.9,False,False
S004,M1,ridge,single,raw,8.719281852863409,2.0719957389455463,71.31710112970765,1,10.0,,,,False,False
S149,M5,elasticnet,policy,log10,8.720860162583083,1.6294202442895946,71.34232343591934,8,0.1,,,0.1,False,False
S023,M2,ridge,policy,raw,8.755852980122919,2.418772419126564,71.08016340080832,8,1.0,,,,False,False
S129,M5,elasticnet,policy,raw,8.759079280317337,2.318754565517711,71.04919397452248,8,0.1,,,0.5,False,False
S019,M2,ridge,physical,log10,8.768874232711111,2.580247795913488,71.59359847834473,5,10.0,,,,False,False
S125,M5,elasticnet,policy,raw,8.780874225968216,2.9502956503227633,71.4037673300343,8,0.01,,,0.1,False,False
S130,M5,elasticnet,policy,raw,8.783068250834933,2.898226128338082,71.40918285679467,8,0.1,,,0.9,False,False
S126,M5,elasticnet,policy,raw,8.802699403099385,3.049336429913636,71.59321585057904,8,0.01,,,0.5,False,False
S022,M2,ridge,policy,raw,8.807428166710062,3.0876061108240394,71.63864673631032,8,0.1,,,,False,False
S127,M5,elasticnet,policy,raw,8.822736816158606,3.168811828312046,71.77292880085703,8,0.01,,,0.9,False,False
S021,M2,ridge,policy,raw,8.82457362852669,3.194457752648127,71.79223627285398,8,0.01,,,,False,False
S161,M5,elasticnet,current,raw,8.8389960277206,1.5417639028007915,71.11366910387987,6,1.0,,,0.1,False,False
S102,M5,elasticnet,physical,raw,8.849975170919134,2.3036905037590065,71.34451364593765,5,1.0,,,0.5,False,False
S024,M2,ridge,policy,raw,8.85344699572055,2.4487017254700048,71.59931407020972,8,10.0,,,,False,False
S256,M5,elasticnet,current_delta,raw,8.97531278745449,1.2604243144889273,72.46661693568026,7,10.0,,,0.9,False,False
S029,M2,ridge,policy,log10,9.046842445022644,2.541353554956877,74.51568636883168,8,10.0,,,,False,False
S191,M5,elasticnet,delta_pair,raw,9.050003433441123,2.2574233831725548,74.62987733857241,2,1.0,,,0.1,False,False
S132,M5,elasticnet,policy,raw,9.074233949983503,2.3089714206407663,73.89742399335746,8,1.0,,,0.5,False,False
S226,M5,elasticnet,physical_delta,raw,9.645064366689262,0.8229735489019432,77.86673308948636,6,10.0,,,0.9,False,False
S061,M3,forest,current,log10,9.77365701329909,4.61441149208386,79.86851162123075,6,,2.0,3.0,,False,False
S045,M3,forest,physical,log10,9.787959860513599,4.871286650559453,81.49623132668157,5,,2.0,3.0,,False,False
S062,M3,forest,current,log10,9.791387247442376,5.207151838079445,80.81427977655892,6,,2.0,6.0,,False,False
S064,M3,forest,current,log10,9.791387247442376,5.207151838079445,80.81427977655892,6,,4.0,6.0,,False,False
S047,M3,forest,physical,log10,9.821029440053575,4.6588745586414575,81.85509698506664,5,,4.0,3.0,,False,False
S054,M3,forest,policy,log10,9.86401247708942,5.253123186523433,81.71651820119673,8,,2.0,6.0,,False,False
S056,M3,forest,policy,log10,9.86401247708942,5.253123186523433,81.71651820119673,8,,4.0,6.0,,False,False
S063,M3,forest,current,log10,9.865570855036898,4.574292234220377,80.31986549179284,6,,4.0,3.0,,False,False
S055,M3,forest,policy,log10,9.869977653477566,4.732904940658207,82.43131172581437,8,,4.0,3.0,,False,False
S046,M3,forest,physical,log10,9.87212705159387,5.22540053046517,81.65535750324482,5,,2.0,6.0,,False,False
S048,M3,forest,physical,log10,9.87212705159387,5.22540053046517,81.65535750324482,5,,4.0,6.0,,False,False
S101,M5,elasticnet,physical,raw,9.90021619065752,1.195153898694784,79.7256895158851,5,1.0,,,0.1,False,False
S196,M5,elasticnet,delta_pair,raw,9.904008876847723,2.3252586557794306,80.76163629291062,2,10.0,,,0.9,False,False
S053,M3,forest,policy,log10,9.927555010337915,4.89797172825507,82.97671790299982,8,,2.0,3.0,,False,False
S131,M5,elasticnet,policy,raw,9.949728053078783,1.217703426320167,80.61254933057731,8,1.0,,,0.1,False,False
S057,M3,forest,current,raw,10.002595941296626,4.711024777396257,81.37281055608919,6,,2.0,3.0,,False,False
S059,M3,forest,current,raw,10.037758153005234,4.675284100982036,81.25399822117359,6,,4.0,3.0,,False,False
S041,M3,forest,physical,raw,10.054623495760485,4.769680459590853,83.22594797196574,5,,2.0,3.0,,False,False
S043,M3,forest,physical,raw,10.065160997657111,4.630188934829479,83.28777997946166,5,,4.0,3.0,,False,False
S166,M5,elasticnet,current,raw,10.074043090246182,0.7846381959773436,79.88433993478401,6,10.0,,,0.9,False,False
S058,M3,forest,current,raw,10.089685053062569,5.1067707478105415,82.45878647006674,6,,2.0,6.0,,False,False
S060,M3,forest,current,raw,10.089685053062569,5.1067707478105415,82.45878647006674,6,,4.0,6.0,,False,False
S051,M3,forest,policy,raw,10.097829019667163,4.683311415144371,83.87571059814846,8,,4.0,3.0,,False,False
S042,M3,forest,physical,raw,10.184763326766166,5.103392646079941,83.46165804333772,5,,2.0,6.0,,False,False
S044,M3,forest,physical,raw,10.184763326766166,5.103392646079941,83.46165804333772,5,,4.0,6.0,,False,False
S049,M3,forest,policy,raw,10.207025578969464,4.790734143101492,84.87355091350555,8,,2.0,3.0,,False,False
S050,M3,forest,policy,raw,10.249158295799692,5.131969996820643,84.11197445794286,8,,2.0,6.0,,False,False
S052,M3,forest,policy,raw,10.249158295799692,5.131969996820643,84.11197445794286,8,,4.0,6.0,,False,False
S136,M5,elasticnet,policy,raw,10.90220379968641,1.1581278375018096,87.18351345658479,8,10.0,,,0.9,False,False
S106,M5,elasticnet,physical,raw,10.956816331222022,0.9922834632853822,87.24110940381506,5,10.0,,,0.9,False,False
S089,M4,ridge,current_delta,raw,11.695557120774405,2.369604210263116,93.34448869026166,7,100.0,,,,False,False
S094,M4,ridge,current_delta,log10,11.84956937519818,2.062191973159722,96.51753227785916,7,100.0,,,,False,False
S079,M4,ridge,physical_delta,raw,12.415653501064842,2.605240256046895,99.05862270797499,6,100.0,,,,False,False
S084,M4,ridge,physical_delta,log10,12.544684314413189,2.2715819737398655,102.27494396254899,6,100.0,,,,False,False
S035,M2,ridge,current,raw,13.095630115347381,3.4787820206985747,103.54297256139485,6,100.0,,,,False,False
S255,M5,elasticnet,current_delta,raw,13.168403754585986,3.7520789590441557,104.52772209805607,7,10.0,,,0.5,False,False
S040,M2,ridge,current,log10,13.278034249453134,3.0114950885820213,107.31961374867169,6,100.0,,,,False,False
S074,M4,ridge,delta_pair,log10,13.50378622467502,4.28245793129432,110.00382383990727,2,100.0,,,,False,False
S069,M4,ridge,delta_pair,raw,13.504463146039807,4.831545738490628,107.41011835220829,2,100.0,,,,False,False
S225,M5,elasticnet,physical_delta,raw,13.782440402951593,4.083258111642867,109.37032384215327,6,10.0,,,0.5,False,False
S025,M2,ridge,policy,raw,13.806851192669082,4.002490155670177,109.47620202364305,8,100.0,,,,False,False
S030,M2,ridge,policy,log10,13.961374980572462,3.5419180948993856,113.15767081197009,8,100.0,,,,False,False
S015,M2,ridge,physical,raw,14.034499482018012,4.025886876983738,110.9289298237127,5,100.0,,,,False,False
S020,M2,ridge,physical,log10,14.269377441416179,3.4703420628379074,115.4085205947365,5,100.0,,,,False,False
S165,M5,elasticnet,current,raw,14.409185637834145,4.832299768863304,113.60660187700941,6,10.0,,,0.5,False,False
S270,M5,elasticnet,current_delta,log10,14.542679637376015,7.433865648089403,116.75179641961442,7,0.1,,,0.5,False,False
S210,M5,elasticnet,delta_pair,log10,14.542679707213466,7.433865602221933,116.75179683113984,2,0.1,,,0.5,False,False
S240,M5,elasticnet,physical_delta,log10,14.542679707213466,7.433865602221933,116.75179683113984,6,0.1,,,0.5,False,False
S120,M5,elasticnet,physical,log10,14.653433990065286,7.407252728480969,117.98280080995195,5,0.1,,,0.5,False,False
S150,M5,elasticnet,policy,log10,14.653433990065286,7.407252728480969,117.98280080995195,8,0.1,,,0.5,False,False
S180,M5,elasticnet,current,log10,14.717987279542701,7.345855557280178,118.4863784667235,6,0.1,,,0.5,False,False
S195,M5,elasticnet,delta_pair,raw,14.742984605621057,5.751074945031682,116.74799850534222,2,10.0,,,0.5,False,False
S254,M5,elasticnet,current_delta,raw,14.86159137519272,5.3806611357835825,117.36778935027633,7,10.0,,,0.1,False,False
S135,M5,elasticnet,policy,raw,14.985773161094949,5.317068161575464,118.3583653958602,8,10.0,,,0.5,False,False
S105,M5,elasticnet,physical,raw,15.17895102479963,5.338863277975077,119.64554544628989,5,10.0,,,0.5,False,False
S224,M5,elasticnet,physical_delta,raw,15.3391025371885,5.661270716236772,121.11643870674243,6,10.0,,,0.1,False,False
S005,M1,ridge,single,raw,15.652193307067375,6.664568130436758,123.27713859128558,1,100.0,,,,False,False
S010,M1,ridge,single,log10,15.750053060031851,5.997931566908751,127.02816336299418,1,100.0,,,,False,False
S164,M5,elasticnet,current,raw,15.844442160992529,6.273262517938443,124.59976660971336,6,10.0,,,0.1,False,False
S194,M5,elasticnet,delta_pair,raw,16.15637214444728,6.920613151436951,127.38468634902384,2,10.0,,,0.1,False,False
S134,M5,elasticnet,policy,raw,16.247853797824387,6.608997168072909,127.92648165114028,8,10.0,,,0.1,False,False
S104,M5,elasticnet,physical,raw,16.445383013560935,6.60312415136902,129.33670028423958,5,10.0,,,0.1,False,False
S259,M5,elasticnet,current_delta,raw,18.00846900097633,8.997205887741133,140.9951243200648,7,100.0,,,0.9,False,False
S229,M5,elasticnet,physical_delta,raw,18.132620598915217,8.952823603225653,142.06007123023957,6,100.0,,,0.9,False,False
S199,M5,elasticnet,delta_pair,raw,18.13297846765637,8.985344537685624,142.12730848951657,2,100.0,,,0.9,False,False
S169,M5,elasticnet,current,raw,18.3631158500075,9.097218351731964,143.7502195233507,6,100.0,,,0.9,False,False
S258,M5,elasticnet,current_delta,raw,18.486440424919827,8.870734337829436,144.91601662373915,7,100.0,,,0.5,False,False
S257,M5,elasticnet,current_delta,raw,18.490289907815733,8.757113928403248,145.01480054063887,7,100.0,,,0.1,False,False
S109,M5,elasticnet,physical,raw,18.504893845488645,9.045302407519996,144.95993860392315,5,100.0,,,0.9,False,False
S139,M5,elasticnet,policy,raw,18.51710394934785,9.039258633356983,145.0746897309383,8,100.0,,,0.9,False,False
S227,M5,elasticnet,physical_delta,raw,18.567648722688222,8.801118797426616,145.62100493484465,6,100.0,,,0.1,False,False
S228,M5,elasticnet,physical_delta,raw,18.57508920250806,8.939496285522447,145.59253599559779,6,100.0,,,0.5,False,False
S198,M5,elasticnet,delta_pair,raw,18.6196870958521,8.949204347196508,146.00712071729,2,100.0,,,0.5,False,False
S167,M5,elasticnet,current,raw,18.648265433677693,8.880589058006779,146.20210176285605,6,100.0,,,0.1,False,False
S168,M5,elasticnet,current,raw,18.67081784051547,8.992115637656465,146.31474474094662,6,100.0,,,0.5,False,False
S197,M5,elasticnet,delta_pair,raw,18.683086518801186,8.944796831482083,146.51244709868075,2,100.0,,,0.1,False,False
S137,M5,elasticnet,policy,raw,18.700970972346273,8.925575802981777,146.62579012066436,8,100.0,,,0.1,False,False
S107,M5,elasticnet,physical,raw,18.727066127995524,8.92577133974537,146.8194352587854,5,100.0,,,0.1,False,False
S138,M5,elasticnet,policy,raw,18.744705218220304,9.073881760440221,146.89341392509198,8,100.0,,,0.5,False,False
S108,M5,elasticnet,physical,raw,18.762251331438296,9.062489399173979,147.01242378361516,5,100.0,,,0.5,False,False
S121,M5,elasticnet,physical,log10,19.118206893422816,8.593187256063885,153.0754770394321,5,0.1,,,0.9,False,False
S151,M5,elasticnet,policy,log10,19.118206893422816,8.593187256063885,153.0754770394321,8,0.1,,,0.9,False,False
S181,M5,elasticnet,current,log10,19.118206893422816,8.593187256063885,153.0754770394321,6,0.1,,,0.9,False,False
S211,M5,elasticnet,delta_pair,log10,19.124226717874148,8.58813095239452,153.09196460939984,2,0.1,,,0.9,False,False
S241,M5,elasticnet,physical_delta,log10,19.124226717874148,8.58813095239452,153.09196460939984,6,0.1,,,0.9,False,False
S271,M5,elasticnet,current_delta,log10,19.124226717874148,8.58813095239452,153.09196460939984,7,0.1,,,0.9,False,False
S122,M5,elasticnet,physical,log10,19.206579856466874,8.513638281206134,153.71573299362012,5,1.0,,,0.1,False,False
S123,M5,elasticnet,physical,log10,19.206579856466874,8.513638281206134,153.71573299362012,5,1.0,,,0.5,False,False
S124,M5,elasticnet,physical,log10,19.206579856466874,8.513638281206134,153.71573299362012,5,1.0,,,0.9,False,False
S152,M5,elasticnet,policy,log10,19.206579856466874,8.513638281206134,153.71573299362012,8,1.0,,,0.1,False,False
S153,M5,elasticnet,policy,log10,19.206579856466874,8.513638281206134,153.71573299362012,8,1.0,,,0.5,False,False
S154,M5,elasticnet,policy,log10,19.206579856466874,8.513638281206134,153.71573299362012,8,1.0,,,0.9,False,False
S182,M5,elasticnet,current,log10,19.206579856466874,8.513638281206134,153.71573299362012,6,1.0,,,0.1,False,False
S183,M5,elasticnet,current,log10,19.206579856466874,8.513638281206134,153.71573299362012,6,1.0,,,0.5,False,False
S184,M5,elasticnet,current,log10,19.206579856466874,8.513638281206134,153.71573299362012,6,1.0,,,0.9,False,False
S212,M5,elasticnet,delta_pair,log10,19.206579856466874,8.513638281206134,153.71573299362012,2,1.0,,,0.1,False,False
S213,M5,elasticnet,delta_pair,log10,19.206579856466874,8.513638281206134,153.71573299362012,2,1.0,,,0.5,False,False
S214,M5,elasticnet,delta_pair,log10,19.206579856466874,8.513638281206134,153.71573299362012,2,1.0,,,0.9,False,False
S242,M5,elasticnet,physical_delta,log10,19.206579856466874,8.513638281206134,153.71573299362012,6,1.0,,,0.1,False,False
S243,M5,elasticnet,physical_delta,log10,19.206579856466874,8.513638281206134,153.71573299362012,6,1.0,,,0.5,False,False
S244,M5,elasticnet,physical_delta,log10,19.206579856466874,8.513638281206134,153.71573299362012,6,1.0,,,0.9,False,False
S272,M5,elasticnet,current_delta,log10,19.206579856466874,8.513638281206134,153.71573299362012,7,1.0,,,0.1,False,False
S273,M5,elasticnet,current_delta,log10,19.206579856466874,8.513638281206134,153.71573299362012,7,1.0,,,0.5,False,False
S274,M5,elasticnet,current_delta,log10,19.206579856466874,8.513638281206134,153.71573299362012,7,1.0,,,0.9,False,False
S000,M0,median,single,raw,19.627185157912557,10.22532628423933,150.01190476190476,1,,,,,False,False
