spec_id,candidate,fold,n,MAPE_pct,MAE_cycles,RMSE_cycles,bias_cycles,overprediction_pct,over20pct_pct
S000,M0,1,8,37.13843935667963,267.125,281.4802390932621,88.875,75.0,50.0
S000,M0,2,8,15.025324311102125,101.125,140.14768995598894,99.625,75.0,50.0
S000,M0,3,7,15.386685196906338,154.64285714285714,180.50554008118422,-151.35714285714286,14.285714285714285,0.0
S000,M0,4,6,11.118331475915024,79.16666666666667,108.86459479555324,46.5,50.0,33.33333333333333
S000,M0,5,6,19.467145448959656,148.0,171.36899758513303,7.333333333333333,33.33333333333333,33.33333333333333
S001,M1,1,8,4.1821382873849835,33.69593471248977,38.33259677500406,-20.329337517205502,25.0,0.0
S001,M1,2,8,10.49423930238141,77.84925041350115,86.0272528483297,43.235130166320516,75.0,12.5
S001,M1,3,7,9.768284712627137,89.94479186883488,108.49546210586713,-11.520191570832528,42.857142857142854,14.285714285714285
S001,M1,4,6,6.5067073011181975,51.60718834996995,58.50260507705,23.313514039247895,66.66666666666666,0.0
S001,M1,5,6,5.0477895917631885,47.76472129757949,65.19119028567762,-39.32667131121345,33.33333333333333,0.0
S002,M1,1,8,4.12786340895329,33.316209591058396,38.14832850045607,-20.0562111810475,25.0,0.0
S002,M1,2,8,10.503385069958165,77.88706655603937,86.0481217355708,43.343436007096585,75.0,12.5
S002,M1,3,7,9.769700811352278,90.00518548337368,108.49029069423577,-11.971613936416556,42.857142857142854,14.285714285714285
S002,M1,4,6,6.505821604169149,51.56426885525093,58.43620982661302,23.310038187082455,66.66666666666666,0.0
S002,M1,5,6,5.052733653856684,47.83430783320379,65.32316049859003,-39.27141285390538,33.33333333333333,0.0
S003,M1,1,8,3.6043046709389808,29.653218330393415,37.52232100246945,-17.421517488323346,25.0,0.0
S003,M1,2,8,10.591609063618185,78.25185727388094,86.29519353981577,44.38820056401133,75.0,12.5
S003,M1,3,7,9.783378371797495,90.58850449828091,108.54529391924368,-16.33173133641937,42.857142857142854,14.285714285714285
S003,M1,4,6,6.4972569146717785,51.149237341317495,57.869575596996775,23.276426696642375,66.66666666666666,0.0
S003,M1,5,6,5.100542734300735,48.50720963269043,66.73400168986932,-38.73706357173652,33.33333333333333,0.0
S004,M1,1,8,8.075045903744837,61.857924458355214,77.16371092734728,1.8758336124400188,62.5,0.0
S004,M1,2,8,11.237790206371317,80.92370280185582,90.53952449328321,52.04039502141393,75.0,12.5
S004,M1,3,7,10.522692085574302,100.68383119651654,114.68024807573036,-48.5736521101245,28.57142857142857,0.0
S004,M1,4,6,6.433351154576071,48.052463737353,58.157010969960815,23.025633267974246,66.66666666666666,0.0
S004,M1,5,6,7.32752991405054,65.06758345445779,83.51041679053921,-34.74999585093783,50.0,0.0
S005,M1,1,8,26.6973638575086,197.31488152929282,215.40161159373645,44.42117462199697,75.0,50.0
S005,M1,2,8,12.662441544724686,86.81438585565878,112.15718010531977,68.91137492749856,75.0,25.0
S005,M1,3,7,13.660243420479985,136.3017411991014,156.85760873172188,-121.62175386305034,14.285714285714285,0.0
S005,M1,4,6,9.128985423669356,66.43021705150896,83.90969356784856,22.44239273618793,33.33333333333333,16.666666666666664
S005,M1,5,6,16.111932288954264,129.52446732086597,143.33499097462825,-25.47774533745269,33.33333333333333,33.33333333333333
S006,M1,1,8,4.797357384760152,42.022667641468004,69.83265208049137,16.723280289787894,50.0,0.0
S006,M1,2,8,9.355280124326322,70.50336234328768,80.01330669832016,25.49002187414834,75.0,12.5
S006,M1,3,7,10.058361001992836,93.81704444080061,112.64830216894468,-26.19680617408645,28.57142857142857,14.285714285714285
S006,M1,4,6,6.153732577448134,49.55090701091891,57.34579284762944,7.4717817377880165,66.66666666666666,0.0
S006,M1,5,6,5.311447938981817,51.61953812757431,74.28588787775368,-46.62632546982542,33.33333333333333,0.0
S007,M1,1,8,4.807872464820065,41.989028522761274,69.0270819948127,16.656921316429177,50.0,0.0
S007,M1,2,8,9.36111115163214,70.51709948505267,79.99180644098665,25.570426068061053,75.0,12.5
S007,M1,3,7,10.073042354545779,94.00471560411886,112.69520465166158,-26.706827434290613,28.57142857142857,14.285714285714285
S007,M1,4,6,6.1486979819525365,49.475417019408134,57.250075889936184,7.433457450519332,66.66666666666666,0.0
S007,M1,5,6,5.3186164920217625,51.70598102532883,74.49252655994195,-46.63910936986772,33.33333333333333,0.0
S008,M1,1,8,4.9122450958172825,41.688046293035725,61.90278117857709,16.080555085409785,50.0,0.0
S008,M1,2,8,9.417914058213995,70.6536804947024,79.83525466652516,26.350720773283967,75.0,12.5
S008,M1,3,7,10.21446457124429,95.81209270018563,113.27801239539943,-31.617272394791435,28.57142857142857,14.285714285714285
S008,M1,4,6,6.100693202948843,48.75093372085703,56.40953334687221,7.0686018739739325,66.66666666666666,0.0
S008,M1,5,6,5.410108753047084,52.736955495709914,76.54898839528181,-46.75292607617744,16.666666666666664,0.0
S009,M1,1,8,7.504604480159818,51.61352932570942,66.84117724635638,15.326577510649045,62.5,0.0
S009,M1,2,8,9.864659603303803,71.87895906303775,81.49691175968974,32.32490083860266,75.0,12.5
S009,M1,3,7,11.239227954492549,108.8857146663079,124.04082658158781,-67.06311292633596,28.57142857142857,0.0
S009,M1,4,6,5.982024823650725,45.45938642498527,55.31765744890604,4.672899876992536,50.0,0.0
S009,M1,5,6,8.578598706167313,76.99242250248682,94.68580722862555,-47.03393354616478,33.33333333333333,0.0
S010,M1,1,8,25.360478256111186,189.50960314934474,210.58336665763738,34.43523572232945,75.0,50.0
S010,M1,2,8,11.980265480101531,84.04042426004244,100.30356719041175,47.115953289268106,50.0,25.0
S010,M1,3,7,15.080774218781269,150.79345417234552,173.1189328093063,-142.0090641786318,14.285714285714285,0.0
S010,M1,4,6,9.735835243357782,73.81592112921588,81.20576629292583,1.2955282964803132,33.33333333333333,16.666666666666664
S010,M1,5,6,16.59291210180748,136.98141410402226,148.95723289716966,-43.651938567497325,33.33333333333333,33.33333333333333
S011,M2,1,8,5.258661224304554,46.34051412710306,60.400619535659054,5.815568830349719,37.5,0.0
S011,M2,2,8,8.565093650454228,63.90660577278642,71.8185116217096,36.24429179037615,75.0,12.5
S011,M2,3,7,7.980617977361371,76.34463311391549,93.26532921783685,-35.51211141183468,28.57142857142857,0.0
S011,M2,4,6,8.550546297251822,63.11127788893808,75.9819469165513,24.520180072199764,66.66666666666666,0.0
S011,M2,5,6,6.494158491451761,58.2651846823735,77.6134604470294,-48.67210789039333,16.666666666666664,0.0
S012,M2,1,8,5.267728200816901,46.07338097608087,59.58261453891841,5.045793130634735,37.5,0.0
S012,M2,2,8,8.581683424962277,63.879470915936224,71.20437745298379,36.524710517753334,75.0,0.0
S012,M2,3,7,8.05472761779971,76.89956936861485,93.73870656915919,-34.72522219687322,28.57142857142857,0.0
S012,M2,4,6,8.659057425748124,63.78343053792457,77.44802735173988,24.356567495270877,66.66666666666666,0.0
S012,M2,5,6,6.388961713710685,57.59185567544139,77.06166960653626,-47.9003906103894,16.666666666666664,0.0
S013,M2,1,8,5.452818922385039,44.260361383542424,52.820924628227544,-1.272309246452032,50.0,0.0
S013,M2,2,8,8.704788439741781,63.70812907457368,69.47394838594492,38.51455756617908,75.0,0.0
S013,M2,3,7,8.587492133121788,80.95517393883688,98.06804850395454,-29.620590930244166,28.57142857142857,0.0
S013,M2,4,6,9.95344493233221,73.41161746134078,87.82026049863896,23.251128281051553,50.0,16.666666666666664
S013,M2,5,6,5.545306902507026,52.23899963374456,73.4228632936126,-41.89526258471451,16.666666666666664,0.0
S014,M2,1,8,5.54603280952733,40.47218212076035,43.3633572828223,-15.357897180212774,25.0,0.0
S014,M2,2,8,9.296221345899761,65.44507966526216,80.16223091912676,44.73698715723465,75.0,12.5
S014,M2,3,7,9.77198857722056,91.74088737648097,108.92527475830018,-32.89702583428694,28.57142857142857,14.285714285714285
S014,M2,4,6,11.581947602380358,85.21453186044307,102.80725433113118,22.039820920958846,50.0,33.33333333333333
S014,M2,5,6,7.062344045103002,62.514001618715746,76.88541894726927,-25.557716062095153,50.0,0.0
S015,M2,1,8,20.935328182781284,158.65242572455827,177.621821416336,23.808446360550064,75.0,50.0
S015,M2,2,8,11.554077538750631,79.09003180329809,103.40932114684186,61.66584854431518,75.0,25.0
S015,M2,3,7,12.151164049040169,120.07323974371707,136.8530128540914,-95.82200181892595,14.285714285714285,0.0
S015,M2,4,6,11.30107252597694,82.86110489064457,100.08682552417483,23.63958276640947,33.33333333333333,16.666666666666664
S015,M2,5,6,14.230855113540416,113.96784695634237,129.34124842882397,-19.008245460280932,33.33333333333333,33.33333333333333
S016,M2,1,8,9.28342889892984,94.37023042698726,149.29496347688868,65.93232021470942,75.0,12.5
S016,M2,2,8,8.725006160115278,66.59163560853273,75.19225285019222,16.357051734172586,75.0,0.0
S016,M2,3,7,8.657035974638026,84.23483196234392,103.86355508572774,-53.59339223807961,28.57142857142857,0.0
S016,M2,4,6,7.785794253479654,58.19905788774965,70.64808313023194,8.204085968688881,50.0,0.0
S016,M2,5,6,5.776554255126378,56.22525580749656,82.29354620845129,-49.19166490177531,33.33333333333333,0.0
S017,M2,1,8,9.16563690039885,93.15231370245756,147.1028529094999,64.69128410487825,75.0,12.5
S017,M2,2,8,8.713465540509238,66.378257256949,74.64040526837722,16.44018264498625,75.0,0.0
S017,M2,3,7,8.728469872073065,84.76263617881425,104.16641200752117,-52.77400932130838,28.57142857142857,0.0
S017,M2,4,6,7.975169099431284,59.632667094952524,71.97592931502373,7.9636303717018295,50.0,0.0
S017,M2,5,6,5.772239105451899,56.18301981055972,82.07724484209855,-48.6400037805465,33.33333333333333,0.0
S018,M2,1,8,8.205347972630218,82.685261020693,127.61009528504347,54.05945135144144,62.5,12.5
S018,M2,2,8,8.643898603237963,64.90556370236553,72.32663397447467,17.164080706535856,75.0,0.0
S018,M2,3,7,9.247561656289793,88.65656074671395,107.27507303301765,-47.27852948081171,28.57142857142857,0.0
S018,M2,4,6,9.245731849076954,69.22296373871366,81.63145379321654,6.445522192509126,50.0,0.0
S018,M2,5,6,5.874114332671336,56.73035027669763,80.90671920652383,-44.38432000757507,50.0,0.0
S019,M2,1,8,4.759111448114551,35.25177182533761,41.392800950054855,14.878062483055402,75.0,0.0
S019,M2,2,8,8.901060747426447,64.42674023014175,76.73984965984509,21.6630880481423,62.5,12.5
S019,M2,3,7,10.391282513029697,99.01344949926131,116.59551093765279,-49.59692508273478,28.57142857142857,14.285714285714285
S019,M2,4,6,11.533520219482444,86.90731573145355,97.45022912830527,4.461421081212602,33.33333333333333,16.666666666666664
S019,M2,5,6,8.259396235502813,72.36871510553044,88.32193960704244,-34.215078328994046,50.0,0.0
S020,M2,1,8,19.904247377380134,151.9345631885991,173.44102393480784,17.376827425887015,75.0,50.0
S020,M2,2,8,11.249054210363399,79.4555994183098,93.53964259209462,39.01844994980753,50.0,25.0
S020,M2,3,7,13.463849860083785,133.62791539397855,151.37181394636633,-115.5801619856693,14.285714285714285,0.0
S020,M2,4,6,11.781543096439547,89.15156082120792,96.91663542280237,3.5070535080382306,33.33333333333333,16.666666666666664
S020,M2,5,6,14.94819266281389,122.87296415158778,135.81892298298058,-35.660218885684536,33.33333333333333,33.33333333333333
S021,M2,1,8,13.684091177795201,100.8850927131268,119.23751188454243,-54.15591286738325,25.0,0.0
S021,M2,2,8,8.118595691291548,59.51106679146869,66.66844301526633,35.02796832902709,75.0,0.0
S021,M2,3,7,9.952803312155725,98.8485075243154,120.64831218591179,-70.24297806034811,42.857142857142854,0.0
S021,M2,4,6,7.04493227066068,51.61561499628482,63.7456949926364,32.443286578883566,66.66666666666666,0.0
S021,M2,5,6,5.3224456907337006,48.10089933910175,63.62288329981039,-5.743785612558781,33.33333333333333,0.0
S022,M2,1,8,13.384706273992094,98.87401791073326,117.06493247061788,-52.61319619907944,25.0,0.0
S022,M2,2,8,8.211512542459408,59.96137943173838,66.78187618988774,35.46608630253388,75.0,0.0
S022,M2,3,7,10.01246752832535,99.15457308287772,120.06506006961676,-68.46623624779384,42.857142857142854,0.0
S022,M2,4,6,7.195337271264217,52.584851383820684,65.41211852003653,31.995199101311318,66.66666666666666,0.0
S022,M2,5,6,5.2331172175123255,47.61841187240674,63.229335445141004,-7.329693271685623,33.33333333333333,0.0
S023,M2,1,8,11.11924616961314,82.81279292910162,100.45503080524448,-43.303902775366474,25.0,0.0
S023,M2,2,8,8.720976687746086,62.40206036323997,71.91203094156636,38.500325368055684,75.0,0.0
S023,M2,3,7,10.504140911733614,102.04381139595027,118.45425112238533,-56.66261603199746,42.857142857142854,0.0
S023,M2,4,6,8.513044734923715,62.02325807074296,77.22710635622042,29.04163679231823,50.0,16.666666666666664
S023,M2,5,6,4.921856396600393,46.11889424502505,62.49918880254704,-14.648385815580335,50.0,0.0
S024,M2,1,8,5.6728509125650195,42.726041387804784,50.9979508772781,-26.16636592582985,25.0,0.0
S024,M2,2,8,9.161687555821516,63.97251559308582,82.50575977418336,45.7332210153496,75.0,12.5
S024,M2,3,7,11.646482071982026,110.76573413846675,127.60509424791195,-47.02964114276407,42.857142857142854,14.285714285714285
S024,M2,4,6,10.6207017997898,77.67184007444553,95.30793994913441,25.309007947201696,50.0,33.33333333333333
S024,M2,5,6,7.165512638443894,62.8604391572437,75.21466031148857,-20.35294247951551,50.0,0.0
S025,M2,1,8,20.608541307851148,155.58434285409783,174.58061313017402,23.786100224280077,75.0,50.0
S025,M2,2,8,11.078599480198278,75.83394644386816,99.42050159899743,61.53974101269351,75.0,25.0
S025,M2,3,7,12.792576084795382,126.3930500033418,146.9507373518362,-100.04720362467458,14.285714285714285,0.0
S025,M2,4,6,10.749956556913876,78.3905083454568,96.66655057161523,25.437901529581325,33.33333333333333,16.666666666666664
S025,M2,5,6,13.804582533586196,111.17916247144825,126.57072885485614,-20.95388034738852,33.33333333333333,33.33333333333333
S026,M2,1,8,12.341232671879727,115.29238033927624,156.30523779229773,23.33700790909694,37.5,25.0
S026,M2,2,8,7.2769595185363025,55.60534743095893,66.7981727588021,11.077723444125596,62.5,0.0
S026,M2,3,7,11.226206461051873,112.92078433978106,144.00156087585407,-94.75777529411577,42.857142857142854,0.0
S026,M2,4,6,6.282253484937522,47.23713850626687,53.77292140764533,22.016715532146026,66.66666666666666,0.0
S026,M2,5,6,5.630470194679729,50.30703034108948,64.78489844012493,20.54543648039699,83.33333333333334,0.0
S027,M2,1,8,12.149152566766789,113.8242401910666,154.93275548206825,23.952235818871742,37.5,25.0
S027,M2,2,8,7.396363846270656,56.317569790346695,66.1445624294733,11.238227143986435,62.5,0.0
S027,M2,3,7,11.259671636343423,112.9465238924113,142.84529808611867,-92.59887560099219,42.857142857142854,0.0
S027,M2,4,6,6.429775183352186,48.145127641648024,55.443723608091474,21.255069136234585,66.66666666666666,0.0
S027,M2,5,6,5.343881453584427,47.68231235468793,62.912093756042566,16.25654528397905,83.33333333333334,0.0
S028,M2,1,8,10.473024252889495,99.95699735284364,139.93250120157305,25.45371821259573,37.5,12.5
S028,M2,2,8,8.064524117347977,60.180553476576364,67.3065756238749,13.139722850602425,62.5,0.0
S028,M2,3,7,11.598103341108084,114.1368508665477,137.31499644666516,-77.91478049822233,42.857142857142854,0.0
S028,M2,4,6,7.815455143708568,57.91636013686847,68.66422822687638,16.559221429506767,50.0,0.0
S028,M2,5,6,5.310937259382947,47.890576704792444,60.80586658522322,-4.278459468492447,66.66666666666666,0.0
S029,M2,1,8,5.654065752971828,42.85525651782072,49.091273118280036,7.236043869035598,75.0,0.0
S029,M2,2,8,8.524071854779082,61.580824885825606,74.76262895266521,20.03821553392622,62.5,12.5
S029,M2,3,7,12.333531957350893,118.55597681369878,138.68635040191504,-61.97687353582713,42.857142857142854,0.0
S029,M2,4,6,10.596105285473422,79.01199818091412,91.5194691579946,10.28797376264464,33.33333333333333,16.666666666666664
S029,M2,5,6,8.126437374537772,70.57437544589436,83.06417162044038,-26.07081263389902,50.0,0.0
S030,M2,1,8,19.50606724300602,148.30974356979414,169.45642003321828,17.68149150228895,75.0,50.0
S030,M2,2,8,10.452418481154787,73.5734546338797,88.43032563686606,37.52003642909226,50.0,12.5
S030,M2,3,7,13.993589877835053,138.81425616694082,159.70782445191958,-117.74833876261697,14.285714285714285,0.0
S030,M2,4,6,11.348618570339868,85.41496026136497,94.3026617947257,6.613648135480844,33.33333333333333,16.666666666666664
S030,M2,5,6,14.506180730526525,119.67593942787225,132.99461686509952,-36.233069528715,33.33333333333333,33.33333333333333
S031,M2,1,8,11.29045631042607,91.4481006183803,105.2919839424935,-12.501103670195569,25.0,0.0
S031,M2,2,8,9.182794730887123,65.39939895220505,82.27894826218223,31.880233862737214,62.5,12.5
S031,M2,3,7,6.91081263418966,66.8632905493439,85.35330762558196,-35.03661948721914,28.57142857142857,0.0
S031,M2,4,6,7.34062123508642,53.791425936269796,66.38604292088813,21.062065904195396,50.0,0.0
S031,M2,5,6,5.602711140813075,52.23379537881963,73.30192610216095,-37.40615016517705,16.666666666666664,0.0
S032,M2,1,8,11.20973316055876,90.64296559224778,104.24770346566667,-12.858494984814278,25.0,0.0
S032,M2,2,8,9.235803019336299,65.7071193319574,82.89207183934515,32.491356128390734,75.0,0.0
S032,M2,3,7,6.948387688960235,67.15013949399136,85.46614412858561,-34.747106928019925,42.857142857142854,0.0
S032,M2,4,6,7.437887167617125,54.53219614388778,67.04844989451979,20.823998970658142,50.0,0.0
S032,M2,5,6,5.4957876990888295,51.54267013870295,72.86736205391638,-36.49930568197127,16.666666666666664,0.0
S033,M2,1,8,10.37952595056029,82.68680575061998,94.38062512811356,-15.737734786220678,25.0,0.0
S033,M2,2,8,9.544944274495071,67.55788919168505,86.01826275771803,37.59044847640875,75.0,12.5
S033,M2,3,7,7.300589483611265,69.98857376033082,87.37482606710296,-33.120400688479826,42.857142857142854,0.0
S033,M2,4,6,8.055372616216266,59.242534971784345,71.52753025351329,19.34374823358799,50.0,0.0
S033,M2,5,6,4.9696426886357115,48.145718414990334,70.4104056909348,-30.4708850595855,33.33333333333333,0.0
S034,M2,1,8,3.9250344798269214,26.577859088334087,39.45917370928304,-19.87536200065866,50.0,0.0
S034,M2,2,8,10.246148328450834,71.72438720430252,92.78854718591064,53.35202381154143,87.5,12.5
S034,M2,3,7,8.472640373812466,80.96888930965342,100.34783064347975,-41.01345129414252,28.57142857142857,0.0
S034,M2,4,6,8.831306777386533,65.02740625377828,78.27313734101932,17.058778363653573,50.0,16.666666666666664
S034,M2,5,6,6.866317432566673,60.66576964516717,73.80563700579376,-19.57812235886924,50.0,0.0
S035,M2,1,8,18.915006360181543,142.22069660220933,160.94921928237036,21.49732870328957,75.0,37.5
S035,M2,2,8,11.553621813392368,78.64838451170782,105.80417975961231,67.71565018046918,75.0,25.0
S035,M2,3,7,12.118835648882456,119.59584548466626,135.353087087191,-97.81146277374118,14.285714285714285,0.0
S035,M2,4,6,9.747735082865804,71.59281064218011,85.99197946442744,18.916094251715418,33.33333333333333,16.666666666666664
S035,M2,5,6,13.142951671414362,105.65712556620919,121.89838599064169,-18.335574146358056,33.33333333333333,33.33333333333333
S036,M2,1,8,12.504601876647381,129.14490486632621,202.28096914911535,70.25296748393863,37.5,25.0
S036,M2,2,8,9.422946851655148,69.8208738674,85.13975832677485,8.539303360322066,62.5,0.0
S036,M2,3,7,8.094786595450183,78.39013047436956,96.68062761298866,-44.722448404235315,28.57142857142857,0.0
S036,M2,4,6,7.50706325566418,56.048244547565616,67.29799215556795,6.9251188540152,50.0,0.0
S036,M2,5,6,5.547422952314382,54.30340614611722,79.23095783508992,-41.251895587654225,50.0,0.0
S037,M2,1,8,12.388819498657497,127.86995012339995,200.07973671041944,69.17412951401056,37.5,25.0
S037,M2,2,8,9.438514067648255,69.82050821136266,85.48501070613274,9.036888063454143,62.5,0.0
S037,M2,3,7,8.089384947117011,78.29827173676493,96.65810280830769,-44.4876622509464,28.57142857142857,0.0
S037,M2,4,6,7.598781595259251,56.750165323500575,67.94884247172445,6.596445257142686,50.0,0.0
S037,M2,5,6,5.619567648807713,54.721392573601385,78.9956062814694,-40.46114075557805,50.0,0.0
S038,M2,1,8,11.270817012149648,115.77648759429017,179.70363589242675,59.74311296242938,37.5,25.0
S038,M2,2,8,9.469341615905487,69.34910423671364,86.5161151440022,13.416204313160236,62.5,12.5
S038,M2,3,7,8.127564932835718,78.3812828305602,97.44556421380652,-43.33734454654551,28.57142857142857,0.0
S038,M2,4,6,8.22137527015539,61.594206892919715,72.2988353841395,4.580215306409211,33.33333333333333,0.0
S038,M2,5,6,6.147896300996756,57.841403775520085,77.92171614046566,-35.31676920425374,50.0,0.0
S039,M2,1,8,5.891249477504264,53.08737427039627,68.47531380591175,20.879560917917345,75.0,0.0
S039,M2,2,8,9.304942512202894,66.27462380255253,85.7397520108913,28.60040018943522,62.5,12.5
S039,M2,3,7,9.120775981146782,88.074858050271,107.86352212500863,-53.81184257072073,14.285714285714285,0.0
S039,M2,4,6,9.24715907238042,69.90132357858324,78.32601897412232,1.1234995656146793,33.33333333333333,0.0
S039,M2,5,6,8.0223539773823,70.17182839866,83.95065411361306,-28.09320336833927,50.0,0.0
S040,M2,1,8,17.885581569222346,134.85553945617806,155.3582679628464,17.149328836819905,75.0,37.5
S040,M2,2,8,10.774565439844025,74.96565368715228,94.24842939662815,44.61677755412522,50.0,12.5
S040,M2,3,7,13.366596893030898,132.5045240155603,149.51917464505698,-116.58171761829014,14.285714285714285,0.0
S040,M2,4,6,10.397353656606152,79.05032271086931,85.0435855376073,-0.27343728741935064,33.33333333333333,16.666666666666664
S040,M2,5,6,13.9660736885623,115.22202887360045,129.027600111614,-34.3550051409001,33.33333333333333,0.0
S041,M3,1,8,15.75129186266658,128.70066755553472,152.92099899388722,-40.072800131292254,50.0,25.0
S041,M3,2,8,12.110426383759862,88.49645493734849,112.5729070448764,88.49645493734849,100.0,12.5
S041,M3,3,7,12.211739394899665,108.3344045874758,131.0000596299589,48.7235943818081,57.14285714285714,14.285714285714285
S041,M3,4,6,4.5669401714763,37.25350286219405,40.23824339534209,31.566219270785325,83.33333333333334,0.0
S041,M3,5,6,5.632719666000012,53.344709917275644,74.0011937514587,-28.197770947047104,66.66666666666666,0.0
S042,M3,1,8,18.71781450294995,147.98764078199576,177.10221181955944,-18.852935001461432,50.0,25.0
S042,M3,2,8,10.035204664405876,72.71863296099832,100.5522482872062,64.28263449048222,75.0,12.5
S042,M3,3,7,9.526177823676537,88.44141145612342,99.03682113322732,-6.013025405494529,42.857142857142854,14.285714285714285
S042,M3,4,6,5.590084854510505,47.01437055493043,54.1976601744577,31.270491083982865,83.33333333333334,0.0
S042,M3,5,6,7.05453478828796,61.1462344626406,65.72352164829792,1.6029448190050364,66.66666666666666,0.0
S043,M3,1,8,15.58710889324009,126.64778519570713,149.4202229641498,-37.8939505095599,50.0,25.0
S043,M3,2,8,12.090424125276284,88.48927205086589,111.73228796856712,88.48927205086589,100.0,12.5
S043,M3,3,7,12.157876006665465,107.64769245833516,130.8915814248139,49.542889380460174,57.14285714285714,14.285714285714285
S043,M3,4,6,4.846791198810548,39.70915235690239,43.42728295690992,35.01825709475704,83.33333333333334,0.0
S043,M3,5,6,5.643604764293167,53.94499783549776,79.82091407078109,-34.265201539201655,50.0,0.0
S044,M3,1,8,18.71781450294995,147.98764078199576,177.10221181955944,-18.852935001461432,50.0,25.0
S044,M3,2,8,10.035204664405876,72.71863296099832,100.5522482872062,64.28263449048222,75.0,12.5
S044,M3,3,7,9.526177823676537,88.44141145612342,99.03682113322732,-6.013025405494529,42.857142857142854,14.285714285714285
S044,M3,4,6,5.590084854510505,47.01437055493043,54.1976601744577,31.270491083982865,83.33333333333334,0.0
S044,M3,5,6,7.05453478828796,61.1462344626406,65.72352164829792,1.6029448190050364,66.66666666666666,0.0
S045,M3,1,8,15.756866699100474,129.8246576845272,155.11600319375574,-43.786283515926,50.0,12.5
S045,M3,2,8,11.742965771533626,85.75175186386667,110.28839542364672,83.84925051704471,87.5,12.5
S045,M3,3,7,11.904342837017786,106.07320715054209,128.01593155593415,41.60057976378307,57.14285714285714,14.285714285714285
S045,M3,4,6,4.226983221086308,34.25782857265606,37.209097104178184,28.280585898213662,83.33333333333334,0.0
S045,M3,5,6,5.308640773829803,51.57371136181579,76.21738643476867,-33.58354199030191,66.66666666666666,0.0
S046,M3,1,8,18.568477022699852,148.4462846495813,178.62104329974085,-25.046409808559048,50.0,25.0
S046,M3,2,8,9.496136732624892,69.00829103846297,94.39916392770232,53.73059919277003,75.0,12.5
S046,M3,3,7,9.539064956255004,89.3406981472517,99.64623269291477,-14.53308044915939,42.857142857142854,0.0
S046,M3,4,6,5.029367036235516,41.94755366832849,49.43822563164399,23.356487742208497,66.66666666666666,0.0
S046,M3,5,6,6.727589510154088,59.53396001259961,66.73635724286808,-5.600729909624704,66.66666666666666,0.0
S047,M3,1,8,15.640506654247705,128.36237873232704,152.61450417864438,-42.20898664437142,50.0,12.5
S047,M3,2,8,11.52243181870975,84.26807100057285,108.59779968490936,82.54336233628813,87.5,12.5
S047,M3,3,7,11.845409733502702,105.31584942117152,127.90714129462388,42.56018018922657,57.14285714285714,14.285714285714285
S047,M3,4,6,4.598257968603459,37.48678168156522,40.78561852764123,31.628562707876824,83.33333333333334,0.0
S047,M3,5,6,5.498541025204254,53.84240408969657,82.8837223154167,-39.901857352893124,50.0,0.0
S048,M3,1,8,18.568477022699852,148.4462846495813,178.62104329974085,-25.046409808559048,50.0,25.0
S048,M3,2,8,9.496136732624892,69.00829103846297,94.39916392770232,53.73059919277003,75.0,12.5
S048,M3,3,7,9.539064956255004,89.3406981472517,99.64623269291477,-14.53308044915939,42.857142857142854,0.0
S048,M3,4,6,5.029367036235516,41.94755366832849,49.43822563164399,23.356487742208497,66.66666666666666,0.0
S048,M3,5,6,6.727589510154088,59.53396001259961,66.73635724286808,-5.600729909624704,66.66666666666666,0.0
S049,M3,1,8,15.866803767095378,131.41988187369213,157.98230549999775,-45.78868806056073,50.0,12.5
S049,M3,2,8,12.566547228257738,92.25010961599777,119.42706441078501,85.69578503728816,87.5,12.5
S049,M3,3,7,12.1696404633389,107.84547331041954,131.12732443484987,49.60647262856139,57.14285714285714,14.285714285714285
S049,M3,4,6,4.699863304095398,38.37952431990298,41.130492217619995,32.5856990618276,83.33333333333334,0.0
S049,M3,5,6,5.732273132059905,54.472765447515336,75.8025257751371,-30.142830972791405,66.66666666666666,0.0
S050,M3,1,8,18.77468631605629,148.8746518655303,178.59213723190172,-20.145095570926657,50.0,25.0
S050,M3,2,8,10.324475466922916,75.29178298488112,101.25160877786182,63.8874273470763,75.0,12.5
S050,M3,3,7,9.526177823676537,88.44141145612342,99.03682113322732,-6.013025405494529,42.857142857142854,14.285714285714285
S050,M3,4,6,5.566893419024167,46.80579152053891,53.915904976625804,31.061912049591342,83.33333333333334,0.0
S050,M3,5,6,7.053558453318541,61.146234462640585,65.6996608658415,1.4497647814499903,66.66666666666666,0.0
S051,M3,1,8,15.700015466932566,129.4258144615802,154.49057754454824,-43.953186124639245,50.0,12.5
S051,M3,2,8,12.166229838354484,89.23100969516581,116.7963304052632,83.73563072691188,87.5,12.5
S051,M3,3,7,12.134417488208886,107.35574007738265,131.1238878402382,50.051913189983956,57.14285714285714,14.285714285714285
S051,M3,4,6,4.608424611332928,37.443254930254945,40.343380409977755,32.107716149591035,83.33333333333334,0.0
S051,M3,5,6,5.88005769350695,55.92273382635875,81.63494768240471,-35.19119432419448,66.66666666666666,0.0
S052,M3,1,8,18.77468631605629,148.8746518655303,178.59213723190172,-20.145095570926657,50.0,25.0
S052,M3,2,8,10.324475466922916,75.29178298488112,101.25160877786182,63.8874273470763,75.0,12.5
S052,M3,3,7,9.526177823676537,88.44141145612342,99.03682113322732,-6.013025405494529,42.857142857142854,14.285714285714285
S052,M3,4,6,5.566893419024167,46.80579152053891,53.915904976625804,31.061912049591342,83.33333333333334,0.0
S052,M3,5,6,7.053558453318541,61.146234462640585,65.6996608658415,1.4497647814499903,66.66666666666666,0.0
S053,M3,1,8,15.976082752473284,133.1207174402132,161.00673457226236,-48.57575440333753,50.0,12.5
S053,M3,2,8,12.050322331425589,88.31917476244611,115.68154006153276,79.4545994519935,87.5,12.5
S053,M3,3,7,11.832020882751168,105.39069901548051,127.7595145792257,41.10952415178516,57.14285714285714,14.285714285714285
S053,M3,4,6,4.398650214685093,35.684769708283454,38.12945249923464,29.14929627590688,83.33333333333334,0.0
S053,M3,5,6,5.380698870354448,52.368228588575825,77.70233237606624,-35.170758578391506,66.66666666666666,0.0
S054,M3,1,8,18.629232140660555,149.37644819583187,180.22172334244053,-26.372127888248926,50.0,25.0
S054,M3,2,8,9.397014737726039,68.40938329948278,92.61993448828594,51.94060055977866,75.0,12.5
S054,M3,3,7,9.539064956255004,89.3406981472517,99.64623269291477,-14.53308044915939,42.857142857142854,0.0
S054,M3,4,6,5.028285478945641,41.9221251026857,49.20585422414871,23.331059176565475,66.66666666666666,0.0
S054,M3,5,6,6.726465071859858,59.53393626073159,66.74110617470494,-5.7695770080169195,66.66666666666666,0.0
S055,M3,1,8,15.786131962255956,130.8616266422194,157.0723726325797,-46.49156951891611,50.0,12.5
S055,M3,2,8,11.680176045827746,85.44487755267716,113.21369013216572,77.66435059286579,87.5,12.5
S055,M3,3,7,11.809004379691688,105.00023244729883,127.8772905535164,41.55354946526581,57.14285714285714,14.285714285714285
S055,M3,4,6,4.383739050257435,35.395137941831365,37.88263229180846,28.30193401231325,83.33333333333334,0.0
S055,M3,5,6,5.6908368293550105,55.454684045045155,84.08880962481112,-40.57982796432361,50.0,0.0
S056,M3,1,8,18.629232140660555,149.37644819583187,180.22172334244053,-26.372127888248926,50.0,25.0
S056,M3,2,8,9.397014737726039,68.40938329948278,92.61993448828594,51.94060055977866,75.0,12.5
S056,M3,3,7,9.539064956255004,89.3406981472517,99.64623269291477,-14.53308044915939,42.857142857142854,0.0
S056,M3,4,6,5.028285478945641,41.9221251026857,49.20585422414871,23.331059176565475,66.66666666666666,0.0
S056,M3,5,6,6.726465071859858,59.53393626073159,66.74110617470494,-5.7695770080169195,66.66666666666666,0.0
S057,M3,1,8,15.632680967053169,127.85309732817225,152.0961754396303,-39.76947257792236,50.0,12.5
S057,M3,2,8,11.771111084666762,84.34649899357278,115.96287753786083,84.34649899357278,100.0,12.5
S057,M3,3,7,11.999756230972798,103.40126476598786,137.31836871546787,83.49888420408918,57.14285714285714,28.57142857142857
S057,M3,4,6,3.5987397330011195,28.670912853618535,32.524300436897896,25.870198457992274,83.33333333333334,0.0
S057,M3,5,6,7.010691690789278,62.59227883909449,82.19221323064775,-26.59156687131021,66.66666666666666,0.0
S058,M3,1,8,18.554290926804175,146.37296357464373,174.61119718397467,-17.828987726919465,50.0,25.0
S058,M3,2,8,10.097977908552505,72.65120129890236,100.45915291474155,60.32851558050449,75.0,12.5
S058,M3,3,7,9.48116307271029,88.11741851955485,98.4952901855644,-6.9128281795179545,42.857142857142854,0.0
S058,M3,4,6,5.329155357423624,44.55396699394468,50.228295014224805,30.463551916274923,83.33333333333334,0.0
S058,M3,5,6,6.9858379998222535,60.59838196328801,64.75262760227385,2.804473248908247,66.66666666666666,0.0
S059,M3,1,8,15.333755266299526,124.02973040674601,145.50504017603075,-35.53283421266218,50.0,25.0
S059,M3,2,8,12.128863465129099,87.34224517496388,118.94423669749825,87.34224517496388,100.0,12.5
S059,M3,3,7,11.954457964282202,102.85435732125006,137.40714279997258,84.36892519781766,57.14285714285714,28.57142857142857
S059,M3,4,6,3.3785313693941075,26.85332156269652,31.135000497084583,23.491946035445853,66.66666666666666,0.0
S059,M3,5,6,7.393182699921224,65.19033664021146,84.39050934248823,-24.771290824916054,66.66666666666666,0.0
S060,M3,1,8,18.554290926804175,146.37296357464373,174.61119718397467,-17.828987726919465,50.0,25.0
S060,M3,2,8,10.097977908552505,72.65120129890236,100.45915291474155,60.32851558050449,75.0,12.5
S060,M3,3,7,9.48116307271029,88.11741851955485,98.4952901855644,-6.9128281795179545,42.857142857142854,0.0
S060,M3,4,6,5.329155357423624,44.55396699394468,50.228295014224805,30.463551916274923,83.33333333333334,0.0
S060,M3,5,6,6.9858379998222535,60.59838196328801,64.75262760227385,2.804473248908247,66.66666666666666,0.0
S061,M3,1,8,15.677701738002126,128.93852590442685,153.9936650340366,-42.44736432475405,50.0,12.5
S061,M3,2,8,10.995549954303824,78.47725576740798,111.77194584418372,78.2599670344399,87.5,12.5
S061,M3,3,7,11.574390893236828,100.49624724279185,129.0794380638393,70.3619471695378,57.14285714285714,14.285714285714285
S061,M3,4,6,3.6169470564494786,28.737849582300687,32.21329914321235,24.337156007169693,83.33333333333334,0.0
S061,M3,5,6,7.003695424503194,62.69267960922639,84.13208529401807,-29.050800684194922,66.66666666666666,0.0
S062,M3,1,8,18.39703180377267,146.9326731054539,176.32191426924325,-24.65607248246168,50.0,25.0
S062,M3,2,8,9.49009279859198,68.42299355776417,95.33982426153035,51.10534412027518,75.0,12.5
S062,M3,3,7,9.495044848395306,89.10386706942991,99.26409038079561,-16.232051645940164,42.857142857142854,0.0
S062,M3,4,6,4.748655339831212,39.5092526828945,46.38728140336496,21.950680988551994,83.33333333333334,0.0
S062,M3,5,6,6.82611144662071,60.10261246725213,66.34629590505273,-3.5859073819165133,66.66666666666666,0.0
S063,M3,1,8,15.449339225990686,125.92253724221625,148.68017970266578,-38.88396437868953,50.0,12.5
S063,M3,2,8,11.475906812248095,82.44653371428768,114.94677059414593,82.29912592279928,87.5,12.5
S063,M3,3,7,11.53042600268271,99.91500308138242,129.3318836598229,71.54941117865803,57.14285714285714,14.285714285714285
S063,M3,4,6,3.4470432920437686,27.29345898686508,30.70595109556832,21.684544407496578,66.66666666666666,0.0
S063,M3,5,6,7.425138942219232,66.02179443421274,86.28917075303657,-28.366684391522615,50.0,0.0
S064,M3,1,8,18.39703180377267,146.9326731054539,176.32191426924325,-24.65607248246168,50.0,25.0
S064,M3,2,8,9.49009279859198,68.42299355776417,95.33982426153035,51.10534412027518,75.0,12.5
S064,M3,3,7,9.495044848395306,89.10386706942991,99.26409038079561,-16.232051645940164,42.857142857142854,0.0
S064,M3,4,6,4.748655339831212,39.5092526828945,46.38728140336496,21.950680988551994,83.33333333333334,0.0
S064,M3,5,6,6.82611144662071,60.10261246725213,66.34629590505273,-3.5859073819165133,66.66666666666666,0.0
