role,stratum,n,MAPE_pct,MAE_cycles,RMSE_cycles,bias_cycles,overprediction_pct,over20pct_pct
Train (Batch 1 CV),all,35,7.189650182082138,59.86568051903454,75.61684135994308,0.24707211428581105,48.57142857142857,5.714285714285714
Train (Batch 1 CV),complete_input,35,7.189650182082138,59.86568051903454,75.61684135994308,0.24707211428581105,48.57142857142857,5.714285714285714
Train (Batch 1 CV),in_range,35,7.189650182082138,59.86568051903454,75.61684135994308,0.24707211428581105,48.57142857142857,5.714285714285714
Train (Batch 1 CV),terminal_QD_near_EOL,26,7.977392083311326,65.53222548778066,82.18781463811099,-6.551034806482912,38.46153846153847,7.6923076923076925
Train (Batch 1 CV),terminal_QD_above_EOL,9,4.913951356308937,43.495661720434605,52.17595833567754,19.886047663173233,77.77777777777779,0.0
Valid (Batch 1 Hold-out),all,11,12.721933012703104,118.61190604651014,143.53015174394596,77.59324025946687,72.72727272727273,27.27272727272727
Valid (Batch 1 Hold-out),complete_input,11,12.721933012703104,118.61190604651014,143.53015174394596,77.59324025946687,72.72727272727273,27.27272727272727
Valid (Batch 1 Hold-out),in_range,11,12.721933012703104,118.61190604651014,143.53015174394596,77.59324025946687,72.72727272727273,27.27272727272727
Valid (Batch 1 Hold-out),terminal_QD_near_EOL,7,10.593901796015214,82.11088613008314,97.38364766535986,17.65298275044373,57.14285714285714,14.285714285714285
Valid (Batch 1 Hold-out),terminal_QD_above_EOL,4,16.445987641906918,182.48869090025735,200.14052889642633,182.48869090025735,100.0,50.0
Test (Batch 2),all,39,32.346748844624756,159.27546183898252,172.6569903856556,140.48915030966484,89.74358974358975,71.7948717948718
Test (Batch 2),complete_input,39,32.346748844624756,159.27546183898252,172.6569903856556,140.48915030966484,89.74358974358975,71.7948717948718
Test (Batch 2),in_range,28,34.90451091581558,178.26088566108047,189.8216153433046,152.09423745953083,85.71428571428571,78.57142857142857
Test (Batch 2),out_of_range,11,25.836081754320833,110.94892847364217,118.20788259714357,110.94892847364217,100.0,54.54545454545454
Test (Batch 2),terminal_QD_near_EOL,39,32.346748844624756,159.27546183898252,172.6569903856556,140.48915030966484,89.74358974358975,71.7948717948718
Test (Batch 3),all,44,12.735665374786562,159.40578137514007,260.8125820754862,-100.31762115506422,36.36363636363637,4.545454545454546
Test (Batch 3),complete_input,44,12.735665374786562,159.40578137514007,260.8125820754862,-100.31762115506422,36.36363636363637,4.545454545454546
Test (Batch 3),in_range,43,12.95199808207487,162.00303932425237,263.72745710276416,-101.54073584324452,37.2093023255814,4.651162790697675
Test (Batch 3),out_of_range,1,3.4333589613892426,47.72368956331047,47.72368956331047,-47.72368956331047,0.0,0.0
Test (Batch 3),terminal_QD_near_EOL,44,12.735665374786562,159.40578137514007,260.8125820754862,-100.31762115506422,36.36363636363637,4.545454545454546
