role,stratum,n,MAPE_pct,MAE_cycles,bias_cycles,Spearman_all
Train (Batch 1 CV),all,35,7.189650182082139,59.86568051903454,0.24707211428581105,0.8665872981542698
Train (Batch 1 CV),within_train_lifetime,35,7.189650182082139,59.86568051903454,0.24707211428581105,0.8665872981542698
Valid (Batch 1 Hold-out),all,11,12.721933012703103,118.61190604651014,77.59324025946687,0.7454545454545456
Valid (Batch 1 Hold-out),within_train_lifetime,11,12.721933012703103,118.61190604651014,77.59324025946687,0.7454545454545456
Test (Batch 2),all,39,32.34674884462475,159.27546183898252,140.48915030966484,0.7089786451951734
Test (Batch 2),below_train_lifetime,30,37.809145908535605,169.48641823549593,169.48641823549593,0.7089786451951734
Test (Batch 2),within_train_lifetime,9,14.138758631588576,125.2389405172711,43.831590556894525,0.7089786451951734
Test (Batch 3),all,44,12.735665374786562,159.40578137514007,-100.31762115506422,0.7972372984772357
Test (Batch 3),above_train_lifetime,9,26.589614188447793,450.263830768869,-450.263830768869,0.7972372984772357
Test (Batch 3),within_train_lifetime,35,9.173221394130817,84.61371153103833,-10.331452968657263,0.7972372984772357
