role,charging_policy,n,MAPE_pct,MAE_cycles,RMSE_cycles,bias_cycles,overprediction_pct,over20pct_pct,mean_range_excess_n
Test (Batch 2),3.6C(30%)-6C,2,18.07079160730519,76.0899609686349,76.11387687231795,76.0899609686349,100.0,0.0,1.0
Test (Batch 2),3.6C(9%)-5C,2,71.17802379850897,280.7764451109868,280.8112043840956,280.7764451109868,100.0,100.0,0.0
Test (Batch 2),4.65C(44%)-5C,2,22.844789352514837,111.90894184383541,123.81615434297434,111.90894184383541,100.0,50.0,0.5
Test (Batch 2),4.65C(69%)-6C,2,27.36769767333138,123.94098360385823,124.9304506685844,123.94098360385823,100.0,100.0,1.0
Test (Batch 2),4.8C(80%)-4.8C,5,38.110863497935945,183.48333647981548,184.69383607855488,183.48333647981548,100.0,100.0,0.0
Test (Batch 2),4.8C(80%)-4.8C-newstructure,3,14.795594124978233,119.5999193085275,136.5758025467852,95.04990114413386,66.66666666666666,33.33333333333333,0.0
Test (Batch 2),5.2C(50%)-4.25C,5,49.11667608056261,221.78496270083104,226.10015095004175,221.78496270083104,100.0,100.0,0.0
Test (Batch 2),5.2C(58%)-4C,4,38.83506602501847,184.6912252862436,186.13597248072585,184.6912252862436,100.0,100.0,0.0
Test (Batch 2),5.2C(58%)-4C-newstructure,3,12.975073499977578,123.91319939063699,145.71964263856654,14.031802034548718,66.66666666666666,33.33333333333333,0.0
Test (Batch 2),5.6C(26%)-4.5C,6,28.574794767168864,127.42120841015604,134.6045030030059,127.42120841015604,100.0,66.66666666666666,0.6666666666666666
Test (Batch 2),5.6C(26%)-4.5C-newstructure,3,14.645608269809914,132.2037028526488,152.7908600529851,22.413068492001003,33.33333333333333,33.33333333333333,0.0
Test (Batch 2),6C(60%)-3C,2,46.21252089858373,184.76311825055132,184.7642660593255,184.76311825055132,100.0,100.0,1.0
Test (Batch 3),3.7C(31%)-5.9C-newstructure,3,7.741495661015476,44.468705633801015,61.39500737237855,31.11571809129229,66.66666666666666,0.0,0.0
Test (Batch 3),4.8C(80%)-4.8C-newstructure,6,25.34796761145354,435.84242764111406,526.5523127549212,-435.84242764111406,0.0,0.0,0.16666666666666666
Test (Batch 3),5.3C(54%)-4C-newstructure,8,8.696759855429843,99.56205657093496,127.21650468198963,-99.56205657093496,0.0,0.0,0.0
Test (Batch 3),5.6C(19%)-4.6C-newstructure,8,10.484086898612677,101.20053142248157,116.42641318432409,-21.554893235565302,37.5,12.5,0.0
Test (Batch 3),5.6C(36%)-4.3C-newstructure,8,12.088253996329108,114.40338719917555,131.27812578463875,-3.344701572431788,62.5,12.5,0.0
Test (Batch 3),5.9C(15%)-4.6C-newstructure,2,2.76405219117876,23.73014746904579,32.571510318001565,23.73014746904579,100.0,0.0,0.0
Test (Batch 3),5.9C(60%)-3.1C-newstructure,2,10.593153155675763,91.6419013528249,92.61766972476741,-13.408753174147364,50.0,0.0,0.0
Test (Batch 3),5C(67%)-4C-newstructure,7,15.455681020308413,216.18882836765675,363.1422839792092,-131.0310709726226,42.857142857142854,0.0,0.0
Train (Batch 1 CV),4.4C(80%)-4.4C,1,7.2264160085929685,77.61170793228848,77.61170793228848,-77.61170793228848,0.0,0.0,0.0
Train (Batch 1 CV),4.8C(80%)-4.8C,2,15.367793061726005,105.16858816123931,116.41672046220798,49.92415114298399,50.0,50.0,0.0
Train (Batch 1 CV),4C(80%)-4C,2,4.4765429321401,54.89209166451053,63.1141309104764,-31.14886503999344,50.0,0.0,0.0
Train (Batch 1 CV),5.4C(40%)-3.6C,2,7.023799132629457,72.29724901707732,90.76856720054099,-54.88206060455309,50.0,0.0,0.0
Train (Batch 1 CV),5.4C(50%)-3.6C,2,6.162956269745918,55.486024995260664,58.40342584964662,55.486024995260664,100.0,0.0,0.0
Train (Batch 1 CV),5.4C(50%)-3C,2,12.518030599868602,99.09002681755618,135.35795613045647,99.09002681755618,100.0,50.0,0.0
Train (Batch 1 CV),5.4C(60%)-3.6C,2,8.441493962328463,72.646470208224,79.29444257481944,72.646470208224,100.0,0.0,0.0
Train (Batch 1 CV),5.4C(80%)-5.4C,2,3.1579426363939636,17.06339613651147,18.89700560421945,8.120180607251712,50.0,0.0,0.0
Train (Batch 1 CV),6C(30%)-3.6C,2,5.911455974732783,58.547728282982234,69.98719779170263,-58.547728282982234,0.0,0.0,0.0
Train (Batch 1 CV),6C(40%)-3.6C,2,4.828788496629122,41.809215967012676,51.28788212299301,-41.809215967012676,0.0,0.0,0.0
Train (Batch 1 CV),6C(40%)-3C,2,10.93664471927286,105.3356648826404,114.00897364435536,-43.61701245123737,50.0,0.0,0.0
Train (Batch 1 CV),6C(50%)-3.6C,2,9.463040165180235,74.7385607643609,74.93858278393024,-5.471629056862241,50.0,0.0,0.0
Train (Batch 1 CV),6C(60%)-3C,2,3.808211297309686,28.454422443233113,29.410735731406163,-28.454422443233113,0.0,0.0,0.0
Train (Batch 1 CV),7C(40%)-3.6C,2,2.366373095539965,14.676651598011745,14.937881317523257,-2.7814018276742445,50.0,0.0,0.0
Train (Batch 1 CV),7C(40%)-3C,2,8.500025977640295,56.15247106167914,63.28709454298227,56.15247106167914,100.0,0.0,0.0
Train (Batch 1 CV),8C(15%)-3.6C,2,7.173940977853286,73.82822007764236,83.10037273511581,-73.82822007764236,0.0,0.0,0.0
Train (Batch 1 CV),8C(25%)-3.6C,2,9.094109065238035,60.45380996169956,65.81177019504844,60.45380996169956,100.0,0.0,0.0
Train (Batch 1 CV),8C(35%)-3.6C,2,2.9745218179121733,18.202963077318543,20.64501334453856,-18.202963077318543,0.0,0.0,0.0
Valid (Batch 1 Hold-out),3.6C(80%)-3.6C,3,18.280716301326137,216.25553175225068,226.2987748889112,216.25553175225068,100.0,66.66666666666666,0.0
Valid (Batch 1 Hold-out),5.4C(60%)-3C,2,16.337465146534683,121.94695332801786,142.10981823175487,121.94695332801786,100.0,50.0,0.0
Valid (Batch 1 Hold-out),5.4C(70%)-3C,2,7.41056716762018,56.583263144747775,64.4070219004138,-30.76684582424093,50.0,0.0,0.0
Valid (Batch 1 Hold-out),6C(50%)-3C,2,7.67890156042601,69.12627642987462,75.44432099126736,-69.12627642987462,0.0,0.0,0.0
Valid (Batch 1 Hold-out),7C(30%)-3.6C,2,11.122623243296994,80.32569272478946,80.33032289186635,80.32569272478946,100.0,0.0,0.0
