fold,cell_id,batch,charging_policy,cycle_life,prediction,cell_index,summary_cycles,QD_bad_rows,tail_median_QD,eol_near,curve_valid,logvar_deltaQ,min_deltaQ,mean_deltaQ,C1,SOC_switch,C2,slope_QD,current_mean_C,current_rms_C,current_cv,high_current_charge_fraction,fast_charge_duration_min,current_cycle_n,current_unit_ratio_A_per_C,charge_integral_ratio,QD_cycle2,mean_IR,delta_IR,mean_Tavg,mean_Tmax,mean_chargetime,role,error_cycles,APE_pct,signed_PE_pct,out_of_training_range_n,missing_input_n
,b2c6,2,3.6C(9%)-5C,393.0,678.1946323504924,6,409,0,0.83794844,True,True,-3.5296051747279322,-0.04987247893740465,-0.020824792460517043,3.6,9.0,5.0,6.24381335807018e-05,4.794484924341997,4.82087348695922,0.10506250837732652,0.892385836426903,10.011253696840496,99,1.1002768392546665,0.9999641474393701,1.0885617,0.016037468727272727,-0.000193168577777781,33.81904518975318,39.79713499833347,10.17931370370378,Test (Batch 2),285.1946323504924,72.5686087405833,72.5686087405833,0,0
,b2c15,2,3.6C(9%)-5C,396.0,672.3582578714812,15,414,0,0.83122098,True,True,-3.5158174150026964,-0.05093467639415561,-0.024135288352654265,3.6,9.0,5.0,9.20414260977118e-05,4.796455482094821,4.822813010566564,0.10497890276604892,0.8923973453527678,10.007544463732549,99,1.1002656887888755,1.0000142389842384,1.0697494,0.016303822929292926,-0.0006069465555555535,32.862747677246595,36.07268366663823,10.173053501683547,Test (Batch 2),276.3582578714812,69.78743885643465,69.78743885643465,0,0
,b2c18,2,5.2C(50%)-4.25C,449.0,753.2302842481301,18,467,0,0.8332963,True,True,-3.7068682244022804,-0.03974566910430133,-0.016640891110932497,5.2,50.0,4.25,0.00011339298701298683,4.79640457632258,4.820640164018485,0.10065314523390634,0.627000222412398,10.00611616007423,99,1.1002930178662589,0.9999203421073651,1.0756292,0.016646742727272724,0.00011152535555555843,32.88627829858526,36.40182568496011,10.174147626262663,Test (Batch 2),304.23028424813015,67.75730161428288,67.75730161428288,0,0
,b2c2,2,5.2C(50%)-4.25C,424.0,648.651886093719,2,439,0,0.83253539,True,True,-3.4598138533388,-0.052717818544041395,-0.025013386420214043,5.2,50.0,4.25,-5.396060358691645e-06,4.795793753453569,4.820057389525832,0.10071807924672753,0.6270203700597505,10.007033876725984,99,1.1002951198117976,0.999789376085369,1.0753863,0.01646109804040404,-5.3404633333337115e-05,33.17566129490617,37.429077970616994,10.17503702020208,Test (Batch 2),224.65188609371899,52.98393539946203,52.98393539946203,0,0
,b2c29,2,5.2C(58%)-4C,452.0,668.9702623130872,29,470,0,0.82874656,True,True,-3.5078136673204168,-0.05263352953614442,-0.02532223237657199,5.2,58.0,4.0,0.00012008288806431068,4.797076122414591,4.831690820455709,0.12034758038773771,0.7224453221548959,10.005002952434177,99,1.1002657928702055,0.9999067423018434,1.1032062,0.016732251515151515,0.00018632538888888397,31.797490897448796,34.43823202248059,10.173048585858563,Test (Batch 2),216.97026231308723,48.002270423249385,48.002270423249385,0,0
,b3c38,3,5C(67%)-4C-newstructure,1935.0,1021.9208162664568,38,1934,0,0.88092142,True,True,-4.341618532018267,-0.020147005721674938,-0.008693083372975452,5.0,67.0,4.0,-8.787589363021427e-06,4.794946072820764,4.813154867159898,0.08722936208961891,0.8330415727340721,10.008987389735443,99,1.10041051848263,0.9998244768271526,1.0701473,0.01583589924242424,-8.123378888888824e-05,34.745836319764145,37.739090670595026,10.043707962962927,Test (Batch 3),-913.0791837335432,47.1875547149118,-47.1875547149118,0,0
,b3c7,3,4.8C(80%)-4.8C-newstructure,1836.0,1084.0144989586215,7,1835,0,0.88102299,True,True,-4.48830767619389,-0.017059021835070354,-0.007037779014879846,4.8,80.0,4.8,-2.3574483611610727e-06,4.362078931743759,4.362562861604885,0.014883711346617924,0.0,11.005722009292214,99,1.1007841189467442,0.9999724027562326,1.0675218,0.015428265515151515,8.85824444444086e-06,32.79694473003086,34.27477909930834,11.040740218855252,Test (Batch 3),-751.9855010413785,40.95781596085939,-40.95781596085939,0,0
,b3c45,3,4.8C(80%)-4.8C-newstructure,1801.0,1097.606111444895,45,1800,0,0.88088334,True,True,-4.520416288811736,-0.016477960740300612,-0.007131752461986142,4.8,80.0,4.8,-1.2584539269261775e-07,4.362323058758974,4.3627997321898,0.014779638025631064,0.0,11.003614028894889,99,1.100730657604116,0.9999709231953943,1.0695485,0.015618692474747477,-3.4317333333328676e-05,32.72596355233115,34.6817726725469,11.038587558922575,Test (Batch 3),-703.3938885551049,39.05574061938395,-39.05574061938395,0,0
,b3c42,3,4.8C(80%)-4.8C-newstructure,1642.0,1023.6739777581383,42,1641,0,0.88136953,True,True,-4.345760173287821,-0.005609789046358671,0.0007845194706261454,4.8,80.0,4.8,1.8104885590570822e-06,4.362079071720442,4.362574551151758,0.014977610504577184,0.0,11.003781312581589,99,1.1003475675815921,0.9999895302885128,1.0669198,0.016131830323232323,-0.00046330559999999826,33.03326599301577,35.57262282220451,11.03849814814812,Test (Batch 3),-618.3260222418617,37.65688320595991,-37.65688320595991,0,0
,b3c16,3,4.8C(80%)-4.8C-newstructure,1638.0,1171.117730731862,16,1637,0,0.88079518,True,True,-4.694078987698978,-0.013451995639618852,-0.0053233023549801,4.8,80.0,4.8,-9.691301175018761e-06,4.361507933315053,4.36199331588662,0.014916113201437497,0.0,11.005725665579185,99,1.1007945123148317,0.99997255819761,1.061009,0.015311050717171716,-7.741967777777706e-05,34.94134876933804,37.832425406113444,11.040587407407404,Test (Batch 3),-466.8822692681381,28.503191042010872,-28.503191042010872,0,0
,b1c15,1,5.4C(60%)-3C,719.0,913.9136649976323,15,718,1,0.88477296,True,True,-4.017514591393589,-0.02894455469678503,-0.011013089313180444,5.4,60.0,3.0,2.904936054421284e-05,4.493962610012567,4.64375369426286,0.2603348529653926,0.7497736759715873,10.678688003367482,98,1.1001834434908195,0.9997766250204966,1.0611236,0.016839986434343434,-4.571530000000226e-05,33.147720104395674,37.056188636363636,10.795610034013558,Valid (Batch 1 Hold-out),194.91366499763228,27.108993740978065,27.108993740978065,0,0
2.0,b1c6,1,4.8C(80%)-4.8C,636.0,791.0927393042233,6,635,1,0.88318712,True,True,-3.768443388453706,-0.03788603931347978,-0.015965056248274826,4.8,80.0,4.8,-4.808646876938924e-06,4.79648077866593,4.797789312252509,0.023354025527393008,0.9995232900663511,10.00742499437778,99,1.1001682024924244,1.00000797777975,1.0758358,0.01667571006122449,-0.00017309960000000055,32.27384521945563,35.79263145454546,10.04485760942758,Train (Batch 1 CV),155.0927393042233,24.385650833997374,24.385650833997374,0,0
3.0,b1c11,1,5.4C(50%)-3C,788.0,979.3014299795869,11,787,1,0.88279974,True,True,-4.146462018728171,-0.023691513033622602,-0.008378205102529984,5.4,50.0,3.0,2.1809402597400947e-05,4.148890337949652,4.320172680502744,0.2902966480417112,0.6247088074290894,11.567502754855633,99,1.1001504959357478,0.9998370135955921,1.0537786,0.016200727826530613,-0.0001680421666666633,32.75932260623101,36.23175358585859,11.684114427609464,Train (Batch 1 CV),191.30142997958694,24.27683121568362,24.27683121568362,0,0
,b1c1,1,3.6C(80%)-3.6C,1179.0,1447.5578884286458,1,1178,1,1.0386999,False,True,-5.013525105388837,-0.011003816596621974,-0.004099614621345189,3.6,80.0,3.6,5.535292516999699e-06,3.5980478906586773,3.5987723973027452,0.02006853192110758,0.0,13.34065646395859,99,1.1001780164876565,1.00000688148252,1.0753012,0.016921770387755098,6.017581111111142e-05,31.33031430692745,34.16065478787879,13.374696464646446,Valid (Batch 1 Hold-out),268.5578884286458,22.77844685569515,22.77844685569515,0,0
,b1c0,1,3.6C(80%)-3.6C,1190.0,1448.0408558904942,0,1189,2,1.0264986,False,True,-5.0144265311867695,-0.008459642934268818,-0.0028734152246919164,3.6,80.0,3.6,1.691964207901468e-05,3.598051139780656,3.598770800664149,0.020001453944581297,0.0,13.342660381488157,99,1.100541242742346,0.9999740345089169,1.0706892,0.01664332204040404,3.6843988888885654e-05,31.603747328822767,35.376748303030304,13.384230505050484,Valid (Batch 1 Hold-out),258.0408558904942,21.68410553701632,21.68410553701632,0,0
3.0,b1c24,1,6C(40%)-3C,1017.0,868.0473226661222,24,1016,1,0.8824448,True,True,-3.9382280118825164,-0.03184213409789827,-0.013873507013282613,6.0,40.0,3.0,2.024258503403737e-06,3.995214929646079,4.239282757811761,0.3548409030798997,0.4997520311160816,12.012351871943073,99,1.1008623167651286,0.9998322520477435,1.0745355,0.016587448888888887,8.767882222222162e-05,33.378063951824195,36.866496545454545,12.128487205387225,Train (Batch 1 CV),-148.95267733387777,14.646280957116792,-14.646280957116792,0,0
2.0,b1c43,1,8C(25%)-3.6C,651.0,737.4639225589295,43,650,1,0.88287592,True,True,-3.6673445598607963,-0.044605890152637384,-0.019165626778476195,8.0,25.0,3.6,-2.401481014224145e-05,4.341356616927812,4.646132851663649,0.38122755103001654,0.31235940494787745,11.052781670073813,99,1.1001985045898186,0.9995230405722833,1.0682389,0.016104855565656565,0.00019244267777777935,33.339782658681436,36.82060524242424,11.17782324915825,Train (Batch 1 CV),86.46392255892954,13.28170853439778,13.28170853439778,0,0
4.0,b1c37,1,7C(40%)-3C,648.0,733.3441878553119,37,647,1,0.88594258,False,True,-3.673504381540903,-0.044544784957630146,-0.019436824634916586,7.0,40.0,3.0,-9.680958565245865e-06,4.194054398388102,4.578398641507642,0.43781097681824327,0.499922249529695,11.439804826658206,99,1.1001479361443753,0.9994470934265259,1.0748194,0.01654642202020202,0.00013176036666666738,32.95969887229894,36.05156987878787,11.561455202020227,Train (Batch 1 CV),85.34418785531193,13.170399360387645,13.170399360387645,0,0
,b1c35,1,7C(30%)-3.6C,703.0,782.4632171053015,35,702,1,0.88277978,True,True,-3.7721713038220117,-0.039152034335048436,-0.018223341654084003,7.0,30.0,3.6,3.195320964752807e-06,4.39565116016145,4.6278678929086965,0.32931499356081717,0.37482719100860035,10.916511995173408,99,1.1001467077781988,0.9996872471571132,1.0707464,0.016967092292929295,0.00011994537777777758,32.09733437854189,34.87752171717172,11.036444074074083,Valid (Batch 1 Hold-out),79.46321710530151,11.303444822944739,11.303444822944739,0,0
,b1c19,1,5.4C(70%)-3C,788.0,700.6498910310113,19,787,1,0.88285458,True,True,-3.6194723156628177,-0.04589269342650848,-0.020106274821769732,5.4,70.0,3.0,-1.0355845392700724e-05,4.902612765192101,4.999672490454901,0.19996759173458956,0.8746648006777167,9.790089629173504,99,1.100177831798741,0.9999382593311208,1.0851147,0.01632486908080808,5.4664155555557425e-05,33.044085397077396,36.83902758585858,9.930255336700304,Valid (Batch 1 Hold-out),-87.3501089689887,11.085039209262526,-11.085039209262526,0,0
